vertex_in,vertex_out,edge_flow
0,1,87
0,32,105
1,0,82
1,2,94
1,33,38
2,1,90
2,3,66
2,34,71
3,2,62
3,4,37
3,35,82
4,3,37
4,5,119
4,36,64
5,4,100
5,6,70
5,37,70
6,5,98
6,38,110
8,9,347
8,40,179
9,8,357
9,10,258
9,41,405
10,9,292
10,11,106
10,42,104
11,10,106
11,12,158
11,43,290
12,11,163
12,13,105
12,44,126
13,12,119
13,14,92
13,45,109
14,13,97
14,15,104
14,46,81
15,14,109
15,16,254
15,47,129
16,15,255
16,48,303
19,20,144
19,51,161
20,19,129
20,21,146
20,52,132
21,20,153
21,22,102
22,21,102
22,23,67
22,54,71
23,22,67
23,24,57
23,55,55
24,23,61
24,25,2
24,56,60
25,24,11
27,28,24
27,59,25
28,27,38
28,29,42
28,60,57
29,28,34
29,30,38
29,61,34
30,29,42
30,31,15
30,62,74
31,30,22
32,33,26
32,64,116
32,0,107
33,32,21
33,34,113
33,65,50
33,1,31
34,33,75
34,35,54
34,66,79
34,2,36
35,34,77
35,36,215
35,67,520
35,3,58
36,35,212
36,37,93
36,68,161
36,4,38
37,36,100
37,38,179
37,69,55
37,5,77
38,37,164
38,39,251
38,70,99
38,6,96
39,38,255
39,40,206
40,39,219
40,41,242
40,8,209
41,40,184
41,42,207
41,73,193
41,9,372
42,41,271
42,43,164
42,74,135
42,10,92
43,42,146
43,44,182
43,75,125
43,11,266
44,43,208
44,45,124
44,76,227
44,12,111
45,44,122
45,46,131
45,77,119
45,13,77
46,45,162
46,47,147
46,78,114
46,14,65
47,46,137
47,48,234
47,15,121
48,47,209
48,49,194
48,80,587
48,16,303
49,48,215
49,50,165
49,81,278
50,49,180
50,51,193
51,50,185
51,52,188
51,19,145
52,51,183
52,84,134
52,20,147
54,55,66
54,86,63
54,22,66
55,54,63
55,56,47
55,87,61
55,23,47
56,55,51
56,88,150
56,24,55
58,59,16
59,58,5
59,60,55
59,91,59
59,27,43
60,59,32
60,61,31
60,92,26
60,28,27
61,60,55
61,62,50
61,93,39
61,29,37
62,61,45
62,94,61
62,30,58
64,65,23
64,96,90
64,32,119
65,64,16
65,66,42
65,97,77
65,33,47
66,65,33
66,67,182
66,98,134
66,34,106
67,66,176
67,68,61
67,99,120
67,35,519
68,67,72
68,69,149
68,100,112
68,36,168
69,68,145
69,70,120
69,101,147
69,37,61
70,69,96
70,102,125
70,38,81
73,74,165
73,105,404
73,41,236
74,73,154
74,75,162
74,106,184
74,42,131
75,74,144
75,76,137
75,107,141
75,43,126
76,75,143
76,77,112
76,108,92
76,44,235
77,76,101
77,78,97
77,109,106
77,45,134
78,77,106
78,110,87
78,46,135
80,81,425
80,112,611
80,48,584
81,80,401
81,113,326
81,49,256
84,85,156
84,116,78
84,52,137
85,84,146
85,86,137
85,117,107
86,85,147
86,87,101
86,118,64
86,54,59
87,86,91
87,88,141
87,119,170
87,55,47
88,87,135
88,89,191
88,120,130
88,56,129
89,88,208
89,121,178
91,92,58
91,123,124
91,59,47
92,91,55
92,93,66
92,124,63
92,60,41
93,92,50
93,94,53
93,61,22
94,93,45
94,95,44
94,126,73
94,62,63
95,94,51
95,127,54
96,97,140
96,64,99
97,96,137
97,98,127
97,129,121
97,65,62
98,97,92
98,99,242
98,130,88
98,66,101
99,98,270
99,100,87
99,131,134
99,67,114
100,99,98
100,101,82
100,132,86
100,68,110
101,100,79
101,102,160
101,133,94
101,69,141
102,101,161
102,103,204
102,134,86
102,70,141
103,102,213
103,104,221
103,135,120
104,103,201
104,105,268
104,136,147
105,104,230
105,106,222
105,137,806
105,73,402
106,105,227
106,107,167
106,138,154
106,74,166
107,106,164
107,108,134
107,139,132
107,75,138
108,107,152
108,109,125
108,140,115
108,76,90
109,108,134
109,110,96
109,141,130
109,77,109
110,109,107
110,142,152
110,78,90
112,113,107
112,144,224
112,80,615
113,112,121
113,114,197
113,145,140
113,81,340
114,113,181
114,115,183
114,146,157
115,114,214
115,116,148
115,147,148
116,115,140
116,117,165
116,148,204
116,84,71
117,116,166
117,118,121
117,149,145
117,85,106
118,117,128
118,119,165
118,150,124
118,86,63
119,118,132
119,120,191
119,151,212
119,87,142
120,119,211
120,121,203
120,88,133
121,120,195
121,122,152
121,153,106
121,89,164
122,121,164
122,123,165
122,154,95
123,122,161
123,124,114
123,155,123
123,91,110
124,123,128
124,156,141
124,92,58
126,127,45
126,158,64
126,94,74
127,126,35
127,159,67
127,95,31
129,130,75
129,161,166
129,97,127
130,129,70
130,131,76
130,162,132
130,98,116
131,130,74
131,132,82
131,163,138
131,99,132
132,131,83
132,133,77
132,164,74
132,100,69
133,132,80
133,134,215
133,165,266
133,101,109
134,133,219
134,135,135
134,166,71
134,102,90
135,134,136
135,136,134
135,167,97
135,103,113
136,135,138
136,137,467
136,168,136
136,104,157
137,136,463
137,138,224
137,105,799
138,137,249
138,139,219
138,170,299
138,106,146
139,138,228
139,140,173
139,171,171
139,107,133
140,139,174
140,141,120
140,172,153
140,108,99
141,140,120
141,142,165
141,173,224
141,109,121
142,141,169
142,174,231
142,110,148
144,145,130
144,176,182
144,112,241
145,144,126
145,146,186
145,177,154
145,113,135
146,145,175
146,147,200
146,178,164
146,114,182
147,146,197
147,148,160
147,179,207
147,115,147
148,147,152
148,149,163
148,116,187
149,148,156
149,150,171
149,181,171
149,117,137
150,149,185
150,151,107
150,118,136
151,150,103
151,183,185
151,119,245
153,154,105
153,185,132
153,121,110
154,153,98
154,155,112
154,186,225
154,122,98
155,154,98
155,156,263
155,187,133
155,123,111
156,155,244
156,157,87
156,188,132
156,124,102
157,156,123
157,158,55
157,189,63
158,157,74
158,159,40
158,190,57
158,126,57
159,158,48
159,191,54
159,127,68
160,161,92
161,160,60
161,162,133
161,193,220
161,129,151
162,161,129
162,163,99
162,194,150
162,130,118
163,162,112
163,164,96
163,195,216
163,131,126
164,163,109
164,165,131
164,132,81
165,164,119
165,166,130
165,197,244
165,133,250
166,165,144
166,167,141
166,134,72
167,166,135
167,168,123
167,199,144
167,135,103
168,167,125
168,200,184
168,136,148
170,171,771
170,202,425
170,138,291
171,170,769
171,172,356
171,203,169
171,139,150
172,171,368
172,173,220
172,204,169
172,140,140
173,172,186
173,174,389
173,205,838
173,141,191
174,173,420
174,175,227
174,206,110
174,142,226
175,174,263
175,176,191
175,207,102
176,175,189
176,177,169
176,208,132
176,144,152
177,176,183
177,178,164
177,209,154
177,145,147
178,177,174
178,179,151
178,210,184
178,146,160
179,178,165
179,211,133
179,147,203
181,213,231
181,149,188
183,184,242
183,215,142
183,151,174
184,183,219
184,185,211
184,216,263
185,184,197
185,186,132
185,217,201
185,153,111
186,185,139
186,187,118
186,218,592
186,154,208
187,186,121
187,188,149
187,219,195
187,155,131
188,187,152
188,189,71
188,220,158
188,156,158
189,188,73
189,190,44
189,221,90
189,157,72
190,189,44
190,191,33
190,222,75
190,158,61
191,190,43
191,223,67
191,159,51
193,194,105
193,225,219
193,161,221
194,193,117
194,195,53
194,226,144
194,162,161
195,194,50
195,227,196
195,163,215
197,229,282
197,165,253
199,200,185
199,231,173
199,167,157
200,199,176
200,201,284
200,168,176
201,200,256
201,202,351
201,233,447
202,201,336
202,203,213
202,234,201
202,170,380
203,202,246
203,204,226
203,235,214
203,171,168
204,203,223
204,205,268
204,236,225
204,172,155
205,204,255
205,206,512
205,237,218
205,173,850
206,205,533
206,207,204
206,238,144
206,174,100
207,206,201
207,208,215
207,239,116
207,175,119
208,207,219
208,209,155
208,240,155
208,176,152
209,208,153
209,210,214
209,241,181
209,177,155
210,209,210
210,211,216
210,242,173
210,178,179
211,210,212
211,212,211
211,243,201
211,179,144
212,211,234
212,213,199
212,244,214
213,212,195
213,214,226
213,245,309
213,181,219
214,213,232
214,215,258
214,246,176
215,214,277
215,216,190
215,183,139
216,215,163
216,217,212
216,184,254
217,216,225
217,218,167
217,249,160
217,185,202
218,217,156
218,219,169
218,250,302
218,186,592
219,218,139
219,220,169
219,251,168
219,187,163
220,219,174
220,221,266
220,252,348
220,188,115
221,220,290
221,222,43
221,253,87
221,189,87
222,221,51
222,223,54
222,254,82
222,190,76
223,222,62
223,255,49
223,191,62
224,225,105
224,256,103
225,224,90
225,226,137
225,257,270
225,193,208
226,225,143
226,227,88
226,194,151
227,226,90
227,228,104
227,259,190
227,195,181
228,227,90
228,229,180
228,260,190
229,228,186
229,230,160
229,261,163
229,197,270
230,229,162
230,231,178
231,230,159
231,263,165
231,199,188
233,234,195
233,265,393
233,201,448
234,233,200
234,235,214
234,266,207
234,202,239
235,234,219
235,236,251
235,267,239
235,203,202
236,235,263
236,237,263
236,204,228
237,236,255
237,238,214
237,269,228
237,205,223
238,237,229
238,239,209
238,206,153
239,238,197
239,240,209
239,207,113
240,239,195
240,241,191
240,272,237
240,208,162
241,240,170
241,242,231
241,273,204
241,209,179
242,241,216
242,243,156
242,274,257
242,210,161
243,242,177
243,244,213
243,211,197
244,243,197
244,245,197
244,276,189
244,212,220
245,244,195
245,246,171
245,277,227
245,213,298
246,245,184
246,278,182
246,214,192
249,250,138
249,281,240
249,217,161
250,249,130
250,251,325
250,218,311
251,250,293
251,252,371
251,283,239
251,219,167
252,251,381
252,253,198
252,284,159
252,220,354
253,252,220
253,254,55
253,285,161
253,221,85
254,253,62
254,255,52
254,286,133
254,222,76
255,254,58
255,287,101
255,223,53
256,257,61
256,288,59
256,224,84
257,256,55
257,289,334
257,225,278
259,260,85
259,291,160
259,227,209
260,259,94
260,261,143
260,292,137
260,228,183
261,260,142
261,293,178
261,229,162
263,264,183
263,295,196
263,231,169
264,263,185
264,265,227
265,264,211
265,266,176
265,297,391
265,233,377
266,265,168
266,267,162
266,298,211
266,234,194
267,266,179
267,299,193
267,235,250
269,301,206
269,237,244
272,273,134
272,304,245
272,240,252
273,272,137
273,274,118
273,305,164
273,241,230
274,273,123
274,306,362
274,242,273
276,277,185
276,308,192
276,244,199
277,276,170
277,278,171
277,309,208
277,245,224
278,277,189
278,279,166
278,310,173
278,246,181
279,278,192
279,280,139
279,311,150
280,279,154
280,281,130
280,312,150
281,280,138
281,313,139
281,249,236
283,284,242
283,315,170
283,251,265
284,283,242
284,285,202
284,316,151
284,252,164
285,284,197
285,286,389
285,317,159
285,253,142
286,285,398
286,287,93
286,318,187
286,254,109
287,286,103
287,319,113
287,255,97
288,289,53
288,320,57
288,256,63
289,288,29
289,290,101
289,321,194
289,257,336
290,289,109
290,291,59
290,322,97
291,290,64
291,292,67
291,323,114
291,259,162
292,291,75
292,293,108
292,324,126
292,260,132
293,292,99
293,294,144
293,325,113
293,261,188
294,293,131
294,295,163
294,326,139
295,294,184
295,327,153
295,263,200
297,298,201
297,329,184
297,265,384
298,297,178
298,299,182
298,330,204
298,266,205
299,298,196
299,331,218
299,267,187
301,302,191
301,333,271
301,269,188
302,301,183
302,303,179
302,334,189
303,302,178
303,304,212
303,335,163
304,303,189
304,305,200
304,336,193
304,272,241
305,304,190
305,306,173
305,273,180
306,305,188
306,307,244
306,338,161
306,274,338
307,306,258
307,308,173
307,339,175
308,307,177
308,309,176
308,340,166
308,276,188
309,308,175
309,310,156
309,341,154
309,277,195
310,309,186
310,311,125
310,342,155
310,278,170
311,310,118
311,312,121
311,343,137
311,279,130
312,311,132
312,313,292
312,344,151
312,280,139
313,312,290
313,345,644
313,281,128
315,316,149
315,347,182
315,283,158
316,315,162
316,317,74
316,348,153
316,284,148
317,316,89
317,318,114
317,349,143
317,285,169
318,317,98
318,319,213
318,350,96
318,286,184
319,318,227
319,351,146
319,287,110
320,321,49
320,352,52
320,288,53
321,320,31
321,322,89
321,353,148
321,289,202
322,321,92
322,323,48
322,354,122
322,290,84
323,322,55
323,324,69
323,355,187
323,291,123
324,323,72
324,325,113
324,356,174
324,292,124
325,324,106
325,326,144
325,357,132
325,293,124
326,325,132
326,327,213
326,358,149
326,294,144
327,326,230
327,328,225
327,295,157
328,327,230
328,329,217
329,328,205
329,330,166
329,361,201
329,297,185
330,329,161
330,331,207
330,362,195
330,298,211
331,330,204
331,332,262
331,363,195
331,299,190
332,331,259
332,333,350
332,364,206
333,332,338
333,334,321
333,301,263
334,333,299
334,335,180
334,366,181
334,302,160
335,334,181
335,336,171
335,367,165
335,303,163
336,335,170
336,368,201
336,304,221
338,339,163
338,370,179
338,306,158
339,338,165
339,340,185
339,371,188
339,307,164
340,339,194
340,341,196
340,308,166
341,340,183
341,342,212
341,373,171
341,309,171
342,341,221
342,343,135
342,374,176
342,310,164
343,342,121
343,344,124
343,375,153
343,311,142
344,343,142
344,345,414
344,376,132
344,312,156
345,344,404
345,346,152
345,377,139
345,313,630
346,345,173
346,347,194
346,378,174
347,346,188
347,348,157
347,379,185
347,315,173
348,347,160
348,349,141
348,380,211
348,316,147
349,348,125
349,350,207
349,381,158
349,317,138
350,349,220
350,351,110
350,382,144
350,318,113
351,350,134
351,319,163
352,353,83
352,320,52
353,352,62
353,354,45
353,385,148
353,321,156
354,353,44
354,355,215
354,386,158
354,322,114
355,354,197
355,356,600
355,387,126
355,323,175
356,355,606
356,357,126
356,388,297
356,324,160
357,356,141
357,358,182
357,325,133
358,357,182
358,390,223
358,326,181
361,362,190
361,393,299
361,329,210
362,361,177
362,363,246
362,394,280
362,330,189
363,362,239
363,364,263
363,331,197
364,363,271
364,396,231
364,332,212
366,367,212
366,398,225
366,334,192
367,366,207
367,368,181
367,399,163
367,335,157
368,367,170
368,369,208
368,400,179
368,336,198
369,368,218
369,370,193
369,401,168
370,369,191
370,371,170
370,402,145
370,338,174
371,370,179
371,403,174
371,339,193
373,374,158
373,405,161
373,341,164
374,373,161
374,375,136
374,406,150
374,342,186
375,374,145
375,376,153
375,407,162
375,343,155
376,375,156
376,377,144
376,408,138
376,344,140
377,376,141
377,378,155
377,409,166
377,345,144
378,377,157
378,379,193
378,410,166
378,346,165
379,378,192
379,380,156
379,347,165
380,379,148
380,381,209
380,412,174
380,348,183
381,380,231
381,382,94
381,413,210
381,349,171
382,381,110
382,414,104
382,350,159
385,386,73
385,417,154
385,353,158
386,385,62
386,387,62
386,418,147
386,354,139
387,386,74
387,388,73
387,419,144
387,355,145
388,387,65
388,420,220
388,356,330
390,422,246
390,358,224
392,393,322
392,424,186
393,392,302
393,394,276
393,361,294
394,393,275
394,426,345
394,362,281
396,428,243
396,364,228
398,399,215
398,430,258
398,366,222
399,398,206
399,400,176
399,431,430
399,367,159
400,399,177
400,401,211
400,432,325
400,368,162
401,400,208
401,402,207
401,433,209
401,369,160
402,401,204
402,403,181
402,434,194
402,370,142
403,402,167
403,404,195
403,435,177
403,371,167
404,403,190
404,405,271
404,436,113
405,404,260
405,406,162
405,437,212
405,373,151
406,405,164
406,407,184
406,438,192
406,374,150
407,406,183
407,408,161
407,439,160
407,375,178
408,407,162
408,409,162
408,440,186
408,376,149
409,408,164
409,410,125
409,441,199
409,377,167
410,409,128
410,442,229
410,378,160
412,413,110
412,444,218
412,380,199
413,412,115
413,414,111
413,445,220
413,381,205
414,413,116
414,382,112
417,418,51
417,449,180
417,385,163
418,417,51
418,419,88
418,450,205
418,386,148
419,418,85
419,420,196
419,451,141
419,387,141
420,419,182
420,421,172
420,388,212
421,420,178
421,422,217
421,453,199
422,421,208
422,423,162
422,454,250
422,390,261
423,422,181
423,424,135
424,423,133
424,392,194
426,458,383
426,394,347
428,429,189
428,460,290
428,396,224
429,428,182
429,430,282
429,461,194
430,429,269
430,431,476
430,462,257
430,398,243
431,430,433
431,432,286
431,463,459
431,399,389
432,431,307
432,433,309
432,464,422
432,400,304
433,432,309
433,434,204
433,465,210
433,401,201
434,433,202
434,435,180
434,466,180
434,402,189
435,434,176
435,436,213
435,467,224
435,403,178
436,435,219
436,437,226
436,468,191
436,404,102
437,436,215
437,438,208
437,469,189
437,405,192
438,437,209
438,439,216
438,470,160
438,406,192
439,438,204
439,440,181
439,471,164
439,407,159
440,439,181
440,441,124
440,472,167
440,408,188
441,440,138
441,442,191
441,473,231
441,409,191
442,441,178
442,443,300
442,474,183
442,410,196
443,442,326
443,444,153
443,475,154
444,443,147
444,445,55
444,476,177
444,412,206
445,444,55
445,477,217
445,413,237
447,479,18
448,449,142
448,480,16
449,448,94
449,450,118
449,481,143
449,417,151
450,449,117
450,451,186
450,482,162
450,418,163
451,450,205
451,483,255
451,419,160
453,454,713
453,485,375
453,421,186
454,453,712
454,486,390
454,422,253
457,458,185
457,489,150
458,457,175
458,459,155
458,490,167
458,426,365
459,458,160
459,460,379
459,491,156
460,459,353
460,461,198
460,492,898
460,428,254
461,460,203
461,462,405
461,493,210
461,429,205
462,461,389
462,463,723
462,494,260
462,430,241
463,462,727
463,464,811
463,431,491
464,463,802
464,465,289
464,496,477
464,432,416
465,464,303
465,466,211
465,497,224
465,433,220
466,465,215
466,467,202
466,498,216
466,434,189
467,466,211
467,468,204
467,499,235
467,435,223
468,467,221
468,469,187
468,436,196
469,468,179
469,470,183
469,501,257
469,437,185
470,469,186
470,471,236
470,502,196
470,438,165
471,470,237
471,472,142
471,503,197
471,439,153
472,471,132
472,473,203
472,504,184
472,440,178
473,472,178
473,474,198
473,505,170
473,441,228
474,473,213
474,475,186
474,506,192
474,442,187
475,474,182
475,476,146
475,507,151
475,443,146
476,475,128
476,477,118
476,508,128
476,444,165
477,476,123
477,478,105
477,509,177
477,445,211
478,477,119
478,479,37
478,510,68
479,478,37
479,511,24
479,447,15
480,481,53
480,448,17
481,480,23
481,482,128
481,513,104
481,449,185
482,481,116
482,483,93
482,514,134
482,450,181
483,482,86
483,484,159
483,515,153
483,451,262
484,483,163
484,485,156
484,516,133
485,484,153
485,486,184
485,517,160
485,453,392
486,485,175
486,487,173
486,518,202
486,454,416
487,486,201
487,519,181
489,490,173
489,521,173
489,457,143
490,489,159
490,491,168
490,522,164
490,458,180
491,490,169
491,492,512
491,523,169
491,459,147
492,491,497
492,493,193
492,524,214
492,460,891
493,492,193
493,494,256
493,525,229
493,461,217
494,493,252
494,526,236
494,462,283
496,497,236
496,528,521
496,464,487
497,496,251
497,498,183
497,529,240
497,465,224
498,497,201
498,499,230
498,466,222
499,498,229
499,531,257
499,467,234
501,502,203
501,533,257
501,469,262
502,501,198
502,503,198
502,534,226
502,470,211
503,502,193
503,504,191
503,535,209
503,471,190
504,503,191
504,505,197
504,536,196
504,472,183
505,504,199
505,506,198
505,537,179
505,473,195
506,505,192
506,507,180
506,538,202
506,474,174
507,506,201
507,508,139
507,539,359
507,475,142
508,507,145
508,509,111
508,540,153
508,476,143
509,508,107
509,510,81
509,541,124
509,477,168
510,509,98
510,511,35
510,542,137
510,478,57
511,510,45
511,479,29
513,514,85
513,545,151
513,481,120
514,513,67
514,515,267
514,546,173
514,482,133
515,514,254
515,516,737
515,547,153
515,483,143
516,515,732
516,517,300
516,548,134
516,484,120
517,516,306
517,518,192
517,549,164
517,485,167
518,517,184
518,519,205
518,550,186
518,486,187
519,518,222
519,520,171
519,551,150
519,487,177
520,519,169
520,521,209
520,552,163
521,520,202
521,522,180
521,553,182
521,489,147
522,521,170
522,523,177
522,554,147
522,490,173
523,522,166
523,524,182
523,555,181
523,491,169
524,523,186
524,525,234
524,556,164
524,492,222
525,524,227
525,526,241
525,557,228
525,493,235
526,525,233
526,527,220
526,558,213
526,494,233
527,526,222
527,528,266
527,559,277
528,527,242
528,529,164
528,560,243
528,496,526
529,528,163
529,561,236
529,497,233
531,532,461
531,563,358
531,499,263
532,531,458
532,533,200
532,564,286
533,532,218
533,534,186
533,565,206
533,501,253
534,533,189
534,535,217
534,566,234
534,502,226
535,534,218
535,536,247
535,567,195
535,503,202
536,535,257
536,537,167
536,568,190
536,504,209
537,536,180
537,538,165
537,569,176
537,505,178
538,537,165
538,539,188
538,570,190
538,506,210
539,538,188
539,540,267
539,571,816
539,507,341
540,539,297
540,541,128
540,508,159
541,540,114
541,542,60
541,573,158
541,509,123
542,541,90
542,574,95
542,510,131
544,545,440
545,544,375
545,546,369
545,513,121
546,545,409
546,547,73
546,578,271
546,514,162
547,546,80
547,548,175
547,579,147
547,515,160
548,547,155
548,549,184
548,580,225
548,516,144
549,548,175
549,550,212
549,581,161
549,517,167
550,549,214
550,551,216
550,518,194
551,550,225
551,552,163
551,583,174
551,519,152
552,551,162
552,553,162
552,584,143
552,520,156
553,552,170
553,554,152
553,585,158
553,521,187
554,553,154
554,555,192
554,586,161
554,522,149
555,554,186
555,556,171
555,587,148
555,523,177
556,555,178
556,557,215
556,588,189
556,524,175
557,556,207
557,558,238
557,589,213
557,525,230
558,557,245
558,559,232
558,590,242
558,526,206
559,558,233
559,560,270
559,527,277
560,559,264
560,561,292
560,592,217
560,528,222
561,560,309
561,562,277
561,529,211
562,561,261
562,563,291
562,594,240
563,562,268
563,564,192
563,595,181
563,531,357
564,563,187
564,565,227
564,596,179
564,532,287
565,564,210
565,566,207
565,597,174
565,533,216
566,565,188
566,567,207
566,598,270
566,534,241
567,566,209
567,568,185
567,599,184
567,535,207
568,567,170
568,569,190
568,600,178
568,536,181
569,568,207
569,570,178
569,601,179
569,537,185
570,569,169
570,571,366
570,602,309
570,538,184
571,570,376
571,603,153
571,539,821
573,574,19
573,605,179
573,541,200
574,573,33
574,575,23
574,606,78
574,542,97
575,574,31
575,607,49
578,579,113
578,610,401
578,546,284
579,578,120
579,580,169
579,547,155
580,579,152
580,581,139
580,612,150
580,548,203
581,580,147
581,613,196
581,549,171
583,584,156
583,615,156
583,551,188
584,583,146
584,585,158
584,616,147
584,552,153
585,584,167
585,586,151
585,617,172
585,553,148
586,585,140
586,587,157
586,618,184
586,554,167
587,586,156
587,588,167
587,619,205
587,555,151
588,587,162
588,589,150
588,620,179
588,556,190
589,588,141
589,590,182
589,621,185
589,557,222
590,589,183
590,622,208
590,558,245
592,624,257
592,560,239
594,595,204
594,626,189
594,562,241
595,594,200
595,596,174
595,627,212
595,563,182
596,595,179
596,597,232
596,628,216
596,564,195
597,596,226
597,598,215
597,629,190
597,565,176
598,597,211
598,599,188
598,630,185
598,566,277
599,598,182
599,600,168
599,631,138
599,567,180
600,599,157
600,601,179
600,632,417
600,568,180
601,600,179
601,602,159
601,633,175
601,569,184
602,601,168
602,603,167
602,570,332
603,602,161
603,604,160
603,635,208
603,571,155
604,603,180
604,605,102
605,604,87
605,606,58
605,637,140
605,573,180
606,605,67
606,607,46
606,638,85
606,574,68
607,606,47
607,639,43
607,575,34
608,609,82
608,640,36
609,608,67
609,610,199
609,641,76
610,609,178
610,642,195
610,578,405
612,613,188
612,580,187
613,612,179
613,614,155
613,645,170
613,581,167
614,613,130
614,615,139
614,646,133
615,614,147
615,616,157
615,647,118
615,583,164
616,615,135
616,617,160
616,648,174
616,584,144
617,616,160
617,618,275
617,649,170
617,585,163
618,617,257
618,619,169
618,650,169
618,586,170
619,618,171
619,620,179
619,651,166
619,587,190
620,619,187
620,621,158
620,652,172
620,588,187
621,620,152
621,622,180
621,653,179
621,589,187
622,621,165
622,623,259
622,654,209
622,590,192
623,622,263
623,624,247
623,655,168
624,623,236
624,625,223
624,656,220
624,592,243
625,624,230
625,626,287
625,657,205
626,625,272
626,627,220
626,658,228
626,594,179
627,626,213
627,628,215
627,659,177
627,595,214
628,627,217
628,629,188
628,660,176
628,596,215
629,628,183
629,630,217
629,661,184
629,597,193
630,629,215
630,631,190
630,662,188
630,598,182
631,630,205
631,632,196
631,663,274
631,599,133
632,631,169
632,633,177
632,664,422
632,600,385
633,632,226
633,665,205
633,601,186
635,667,658
635,603,226
637,638,37
637,669,228
637,605,153
638,637,47
638,639,22
638,670,89
638,606,93
639,638,27
639,671,21
639,607,62
640,641,23
640,672,6
640,608,40
641,640,15
641,642,42
641,673,69
641,609,80
642,641,31
642,643,55
642,674,99
642,610,232
643,642,73
643,675,66
645,646,77
645,677,112
645,613,201
646,645,79
646,647,112
646,678,95
646,614,129
647,646,103
647,648,147
647,679,99
647,615,121
648,647,143
648,649,161
648,680,106
648,616,191
649,648,140
649,650,152
649,681,142
649,617,150
650,649,161
650,651,166
650,682,137
650,618,188
651,650,162
651,652,180
651,683,433
651,619,174
652,651,172
652,653,172
652,684,171
652,620,176
653,652,175
653,654,191
653,685,187
653,621,181
654,653,190
654,655,221
654,686,219
654,622,197
655,654,222
655,656,210
655,687,180
655,623,154
656,655,201
656,657,226
656,688,216
656,624,210
657,656,218
657,658,222
657,689,203
657,625,211
658,657,216
658,659,213
658,690,206
658,626,218
659,658,218
659,660,212
659,691,195
659,627,184
660,659,220
660,661,245
660,692,160
660,628,188
661,660,246
661,662,209
661,693,126
661,629,194
662,661,212
662,663,205
662,694,158
662,630,179
663,662,197
663,664,692
663,695,685
663,631,258
664,663,689
664,665,897
664,696,364
664,632,420
665,664,896
665,666,216
665,697,403
665,633,171
666,665,265
666,667,636
666,698,210
667,666,594
667,668,206
667,699,179
667,635,600
668,667,242
668,669,415
668,700,577
669,668,415
669,670,324
669,701,265
669,637,204
670,669,359
670,671,51
670,638,79
671,670,61
671,639,27
672,673,27
672,640,11
673,672,14
673,674,22
673,705,84
673,641,67
674,673,21
674,675,42
674,706,75
674,642,117
675,674,43
675,707,98
675,643,67
677,678,64
677,709,198
677,645,128
678,677,72
678,679,97
678,710,139
678,646,91
679,678,102
679,680,118
679,711,132
679,647,109
680,679,121
680,681,119
680,712,118
680,648,113
681,680,117
681,682,152
681,713,137
681,649,141
682,681,140
682,683,981
682,714,330
682,650,122
683,682,983
683,684,153
683,715,147
683,651,419
684,683,157
684,685,169
684,716,164
684,652,188
685,684,175
685,686,216
685,717,169
685,653,192
686,685,214
686,687,254
686,654,218
687,686,255
687,688,223
687,719,170
687,655,190
688,687,224
688,689,224
688,720,159
688,656,218
689,688,222
689,690,226
689,721,165
689,657,209
690,689,231
690,691,221
690,722,199
690,658,207
691,690,222
691,692,202
691,723,243
691,659,197
692,691,218
692,693,207
692,724,201
692,660,173
693,692,225
693,694,238
693,725,326
693,661,120
694,693,267
694,695,214
694,662,169
695,694,204
695,696,345
695,727,192
695,663,688
696,695,359
696,697,444
696,728,132
696,664,366
697,696,434
697,698,211
697,665,411
698,697,220
698,699,157
698,730,163
698,666,218
699,698,164
699,700,247
699,731,167
699,667,227
700,699,240
700,701,268
700,732,296
700,668,581
701,700,252
701,733,235
701,669,269
705,706,64
705,737,114
705,673,84
706,705,59
706,707,72
706,738,85
706,674,81
707,706,61
707,708,67
707,739,88
707,675,71
708,707,80
708,709,180
708,740,54
709,708,151
709,710,115
709,741,133
709,677,181
710,709,120
710,711,119
710,742,79
710,678,125
711,710,125
711,712,147
711,743,132
711,679,131
712,711,143
712,713,133
712,744,128
712,680,111
713,712,130
713,714,124
713,745,138
713,681,130
714,713,125
714,715,151
714,746,110
714,682,356
715,714,151
715,716,154
715,747,153
715,683,170
716,715,155
716,717,184
716,748,195
716,684,156
717,716,179
717,749,185
717,685,172
719,720,175
719,751,249
719,687,181
720,719,179
720,721,176
720,752,156
720,688,161
721,720,176
721,722,192
721,753,259
721,689,176
722,721,189
722,723,245
722,754,175
722,690,194
723,722,234
723,724,234
723,755,262
723,691,230
724,723,235
724,725,261
724,692,206
725,724,266
725,757,555
725,693,318
727,728,130
727,695,242
728,727,121
728,760,157
728,696,134
730,731,106
730,762,126
730,698,192
731,730,98
731,732,100
731,763,145
731,699,169
732,731,95
732,733,110
732,700,327
733,732,104
733,734,119
733,765,135
733,701,270
734,733,130
734,735,26
734,766,52
735,734,42
735,767,28
736,737,83
736,768,31
737,736,65
737,738,30
737,769,61
737,705,102
738,737,47
738,739,47
738,770,128
738,706,96
739,738,44
739,740,123
739,771,66
739,707,102
740,739,120
740,741,129
740,772,95
740,708,55
741,740,139
741,742,111
741,709,157
742,741,122
742,743,165
742,710,96
743,742,152
743,744,117
743,775,142
743,711,122
744,743,133
744,745,127
744,776,124
744,712,127
745,744,133
745,746,104
745,777,121
745,713,139
746,745,118
746,747,143
746,778,115
746,714,112
747,746,142
747,748,183
747,779,132
747,715,147
748,747,173
748,749,208
748,780,167
748,716,172
749,748,206
749,750,164
749,781,192
749,717,183
750,749,197
750,751,268
750,782,155
751,750,250
751,752,195
751,783,228
751,719,224
752,751,206
752,753,202
752,784,206
752,720,166
753,752,194
753,754,457
753,785,212
753,721,257
754,753,468
754,755,416
754,786,200
754,722,169
755,754,425
755,787,379
755,723,256
757,758,503
757,725,569
758,757,507
758,790,284
760,792,187
760,728,169
762,763,140
762,794,129
762,730,140
763,762,122
763,795,132
763,731,134
765,766,30
765,797,127
765,733,160
766,765,38
766,767,29
766,798,79
766,734,51
767,766,29
767,799,52
767,735,25
768,769,36
768,800,34
768,736,29
769,768,29
769,770,53
769,801,59
769,737,73
770,769,46
770,771,60
770,802,97
770,738,124
771,770,64
771,772,84
771,803,91
771,739,74
772,771,77
772,804,72
772,740,74
775,776,119
775,807,103
775,743,133
776,775,130
776,777,87
776,808,108
776,744,127
777,776,99
777,778,101
777,809,115
777,745,107
778,777,102
778,779,135
778,810,101
778,746,116
779,778,137
779,780,158
779,811,118
779,747,131
780,779,154
780,781,179
780,812,142
780,748,182
781,780,187
781,782,163
781,813,145
781,749,209
782,781,162
782,783,222
782,814,115
782,750,156
783,782,223
783,784,262
783,815,220
783,751,233
784,783,248
784,785,228
784,816,204
784,752,193
785,784,228
785,786,168
785,817,248
785,753,202
786,785,176
786,787,207
786,818,218
786,754,194
787,786,209
787,788,316
787,819,170
787,755,370
788,787,350
788,820,156
790,791,137
790,822,169
790,758,263
791,790,154
791,792,120
791,823,105
792,791,109
792,793,125
792,824,124
792,760,164
793,792,138
793,794,163
793,825,92
794,793,138
794,795,123
794,826,144
794,762,123
795,794,145
795,796,102
795,827,105
795,763,152
796,795,120
796,797,75
796,828,76
797,796,66
797,798,71
797,829,87
797,765,120
798,797,81
798,799,39
798,830,79
798,766,78
799,798,50
799,831,43
799,767,51
800,801,33
800,832,79
800,768,33
801,800,34
801,802,45
801,769,65
802,801,39
802,803,37
802,834,100
802,770,107
803,802,37
803,804,96
803,835,82
803,771,95
804,803,90
804,805,106
804,836,85
804,772,95
805,804,118
805,806,110
805,837,179
806,805,112
806,807,126
806,838,298
807,806,125
807,808,138
807,839,68
807,775,133
808,807,147
808,809,95
808,840,95
808,776,116
809,808,99
809,810,98
809,841,107
809,777,117
810,809,107
810,811,140
810,842,109
810,778,103
811,810,145
811,812,168
811,843,139
811,779,124
812,811,175
812,813,179
812,844,113
812,780,154
813,812,171
813,814,149
813,845,170
813,781,142
814,813,185
814,815,177
814,782,116
815,814,181
815,816,181
815,847,157
815,783,221
816,815,186
816,817,183
816,848,194
816,784,226
817,816,179
817,818,146
817,849,146
817,785,261
818,817,142
818,819,175
818,850,144
818,786,231
819,818,171
819,820,155
819,851,164
819,787,192
820,819,153
820,821,447
820,852,251
820,788,155
821,820,457
821,822,461
822,821,466
822,823,309
822,854,173
822,790,181
823,822,341
823,824,99
823,855,209
823,791,96
824,823,103
824,825,108
824,856,100
824,792,129
825,824,109
825,826,165
825,857,111
825,793,94
826,825,124
826,827,156
826,858,193
826,794,131
827,826,187
827,828,79
827,859,81
827,795,97
828,827,77
828,829,79
828,796,71
829,828,88
829,830,48
829,861,83
829,797,106
830,829,47
830,831,38
830,862,99
830,798,83
831,830,45
831,799,54
832,864,76
832,800,82
834,835,63
834,866,72
834,802,106
835,834,59
835,836,71
835,867,74
835,803,84
836,835,76
836,837,264
836,868,76
836,804,83
837,836,265
837,838,222
837,869,93
837,805,163
838,837,225
838,839,309
838,870,46
838,806,288
839,838,329
839,840,124
839,807,73
840,839,125
840,841,94
840,872,89
840,808,102
841,840,94
841,842,121
841,873,86
841,809,108
842,841,99
842,843,131
842,874,195
842,810,92
843,842,139
843,844,321
843,875,725
843,811,127
844,843,337
844,845,103
844,876,99
844,812,114
845,844,116
845,877,145
845,813,196
847,848,120
847,879,240
847,815,149
848,847,129
848,849,165
848,880,111
848,816,216
849,848,155
849,850,158
849,881,130
849,817,151
850,849,183
850,851,223
850,882,162
850,818,149
851,850,235
851,852,311
851,883,179
851,819,159
852,851,325
852,884,196
852,820,242
854,855,158
854,886,189
854,822,180
855,854,158
855,856,156
855,887,141
855,823,216
856,855,158
856,857,108
856,888,106
856,824,112
857,856,105
857,858,136
857,889,92
857,825,107
858,857,142
858,859,103
858,890,141
858,826,240
859,858,113
859,891,103
859,827,103
861,862,240
861,893,106
861,829,89
862,861,230
862,894,347
862,830,89
864,865,32
864,896,53
864,832,77
865,864,19
865,866,48
865,897,32
866,865,53
866,867,69
866,898,37
866,834,80
867,866,65
867,868,128
867,835,79
868,867,106
868,869,93
868,900,78
868,836,65
869,868,92
869,870,113
869,901,115
869,837,92
870,869,139
870,902,121
870,838,65
872,873,83
872,904,51
872,840,102
873,872,72
873,874,95
873,905,52
873,841,90
874,873,89
874,875,137
874,906,173
874,842,217
875,874,112
875,876,114
875,907,267
875,843,710
876,875,136
876,877,130
876,908,66
876,844,109
877,876,118
877,878,204
877,909,96
877,845,128
878,877,206
878,879,199
878,910,178
879,878,211
879,880,176
879,911,255
879,847,241
880,879,181
880,881,194
880,912,117
880,848,117
881,880,202
881,882,184
881,913,85
881,849,136
882,881,188
882,883,218
882,914,121
882,850,165
883,882,190
883,884,206
883,915,182
883,851,153
884,883,208
884,885,406
884,916,183
884,852,190
885,884,421
885,886,457
886,885,451
886,887,216
886,854,198
887,886,208
887,888,180
887,919,214
887,855,121
888,887,211
888,889,132
888,920,105
888,856,96
889,888,135
889,890,120
889,921,181
889,857,102
890,889,122
890,891,116
890,922,143
890,858,151
891,890,128
891,892,82
891,923,82
891,859,96
892,891,61
892,893,83
892,924,58
893,892,84
893,894,107
893,925,78
893,861,93
894,893,114
894,895,304
894,926,63
894,862,342
895,894,331
895,927,36
896,897,16
896,928,40
896,864,59
897,896,13
897,898,22
897,929,43
897,865,46
898,897,17
898,930,58
898,866,49
900,901,158
900,932,75
900,868,85
901,900,111
901,902,93
901,933,110
901,869,92
902,901,130
902,903,111
902,934,50
902,870,121
903,902,121
903,904,108
903,935,21
904,903,100
904,905,109
904,936,60
904,872,46
905,904,122
905,906,125
905,873,49
906,905,121
906,907,120
906,938,93
906,874,168
907,906,127
907,908,96
907,939,108
907,875,299
908,907,94
908,909,117
908,940,71
908,876,68
909,908,110
909,910,158
909,941,46
909,877,116
910,909,145
910,911,179
910,942,54
910,878,196
911,910,169
911,912,183
911,943,126
911,879,254
912,911,171
912,913,170
912,944,144
912,880,112
913,912,196
913,914,127
913,945,84
913,881,84
914,913,124
914,915,177
914,946,96
914,882,116
915,914,185
915,916,198
915,947,126
915,883,200
916,915,190
916,948,197
916,884,171
919,920,154
919,951,145
919,887,235
920,919,156
920,921,129
920,952,178
920,888,120
921,920,104
921,922,109
921,953,161
921,889,154
922,921,108
922,923,105
922,954,100
922,890,113
923,922,147
923,924,64
923,955,72
923,891,84
924,923,59
924,925,136
924,956,58
924,892,80
925,924,141
925,926,70
925,957,55
925,893,111
926,925,75
926,927,16
926,958,32
926,894,96
927,926,27
927,959,35
927,895,44
928,929,34
928,960,40
928,896,45
929,928,23
929,930,44
929,961,41
929,897,33
930,929,34
930,931,39
930,962,48
930,898,27
931,930,64
931,932,89
931,963,29
932,931,82
932,933,156
932,900,72
933,932,108
933,934,164
933,965,328
933,901,114
934,933,199
934,935,85
934,966,85
934,902,53
935,934,87
935,936,49
935,967,46
935,903,33
936,935,65
936,968,32
936,904,64
938,939,80
938,970,81
938,906,94
939,938,99
939,940,77
939,971,71
939,907,115
940,939,72
940,941,111
940,972,31
940,908,79
941,940,107
941,942,111
941,973,67
941,909,53
942,941,109
942,943,144
942,974,61
942,910,59
943,942,149
943,944,163
943,911,128
944,943,159
944,945,196
944,976,151
944,912,150
945,944,208
945,946,132
945,977,205
945,913,96
946,945,138
946,947,144
946,978,140
946,914,116
947,946,142
947,948,185
947,979,109
947,915,127
948,947,196
948,949,128
948,980,117
948,916,220
949,948,157
949,981,129
951,952,255
951,983,241
951,919,131
952,951,251
952,953,377
952,984,189
952,920,174
953,952,369
953,954,131
953,985,130
953,921,179
954,953,94
954,955,71
954,986,75
954,922,94
955,954,107
955,956,53
955,987,56
955,923,54
956,955,64
956,957,57
956,988,45
956,924,74
957,956,33
957,958,28
957,989,29
957,925,47
958,957,44
958,959,17
958,990,27
958,926,43
959,958,21
959,991,31
959,927,38
960,961,25
960,992,23
960,928,43
961,960,21
961,962,20
961,993,24
961,929,49
962,961,27
962,963,25
962,994,17
962,930,77
963,962,31
963,931,36
965,966,236
965,997,318
965,933,335
966,965,252
966,967,48
966,998,185
966,934,67
967,966,65
967,968,53
967,999,25
967,935,46
968,967,47
968,969,83
968,1000,12
968,936,37
969,968,85
969,970,132
969,1001,28
970,969,117
970,971,117
970,1002,97
970,938,92
971,970,140
971,972,79
971,1003,87
971,939,75
972,971,102
972,973,65
972,1004,34
972,940,36
973,972,74
973,974,73
973,1005,132
973,941,61
974,973,96
974,1006,139
974,942,50
976,977,113
976,1008,163
976,944,132
977,976,149
977,978,280
977,1009,69
977,945,208
978,977,259
978,979,189
978,1010,215
978,946,131
979,978,205
979,980,262
979,1011,89
979,947,123
980,979,237
980,981,214
980,1012,158
980,948,123
981,980,209
981,982,415
981,1013,149
981,949,113
982,981,395
982,983,399
982,1014,172
983,982,428
983,984,279
983,951,246
984,983,305
984,985,142
984,1016,98
984,952,192
985,984,125
985,986,91
985,1017,101
985,953,107
986,985,137
986,987,81
986,1018,46
986,954,125
987,986,87
987,988,69
987,1019,50
987,955,68
988,987,57
988,989,42
988,1020,44
988,956,35
989,988,59
989,990,25
989,1021,28
989,957,47
990,989,30
990,991,19
990,1022,12
990,958,31
991,990,14
991,1023,19
991,959,28
992,993,14
992,960,27
993,992,10
993,994,14
993,961,32
994,993,12
994,962,27
996,997,358
997,996,312
997,998,174
997,965,319
998,997,211
998,999,57
998,966,208
999,998,66
999,1000,34
999,967,31
1000,999,38
1000,1001,58
1000,968,19
1001,1000,56
1001,1002,86
1001,969,32
1002,1001,82
1002,1003,103
1002,970,116
1003,1002,97
1003,1004,90
1003,971,85
1004,1003,111
1004,1005,114
1004,972,33
1005,1004,89
1005,1006,143
1005,973,117
1006,1005,153
1006,1007,194
1006,974,131
1007,1006,213
1007,1008,227
1008,1007,215
1008,1009,141
1008,976,185
1009,1008,154
1009,1010,191
1009,977,70
1010,1009,184
1010,1011,151
1010,978,227
1011,1010,159
1011,1012,191
1011,979,97
1012,1011,177
1012,1013,208
1012,980,160
1013,1012,193
1013,1014,127
1013,981,147
1014,1013,173
1014,982,197
1016,1017,67
1016,984,118
1017,1016,66
1017,1018,108
1017,985,140
1018,1017,102
1018,1019,88
1018,986,52
1019,1018,96
1019,1020,41
1019,987,64
1020,1019,33
1020,1021,30
1020,988,43
1021,1020,52
1021,1022,12
1021,989,31
1022,1021,14
1022,1023,10
1022,990,13
1023,1022,12
1023,991,30
