agent_id,time_step,vertex_index
0,0,41
0,1,73
0,2,74
0,3,75
0,4,107
0,5,139
0,6,171
0,7,203
0,8,235
0,9,267
0,10,299
0,11,331
0,12,363
0,13,364
0,14,396
0,15,428
0,16,460
0,17,492
0,18,524
0,19,556
0,20,588
0,21,620
0,22,652
0,23,684
0,24,716
0,25,748
0,26,780
0,27,812
0,28,844
0,29,845
0,30,877
0,31,878
1,0,265
1,1,297
1,2,329
1,3,361
1,4,393
1,5,392
1,6,424
1,7,423
1,8,422
1,9,421
1,10,453
1,11,485
1,12,484
1,13,516
1,14,515
1,15,547
1,16,579
1,17,578
1,18,610
1,19,642
1,20,674
1,21,706
1,22,738
1,23,770
1,24,802
1,25,834
1,26,866
2,0,1011
2,1,979
2,2,978
2,3,977
2,4,976
2,5,944
2,6,912
2,7,880
2,8,848
2,9,816
2,10,784
2,11,752
2,12,720
2,13,688
2,14,656
2,15,624
2,16,592
2,17,560
2,18,528
2,19,496
2,20,464
2,21,463
2,22,431
2,23,399
2,24,367
2,25,335
2,26,334
2,27,333
2,28,301
2,29,269
3,0,87
3,1,86
3,2,85
3,3,84
3,4,116
3,5,148
3,6,147
3,7,146
3,8,145
3,9,177
3,10,209
3,11,241
3,12,240
3,13,239
3,14,238
3,15,237
3,16,236
3,17,235
4,0,862
4,1,894
4,2,895
4,3,927
4,4,959
4,5,991
4,6,990
4,7,989
4,8,1021
4,9,1020
4,10,1019
4,11,1018
4,12,1017
4,13,1016
4,14,984
4,15,983
4,16,982
4,17,981
4,18,980
4,19,979
4,20,947
4,21,946
4,22,914
4,23,913
4,24,912
4,25,911
4,26,910
4,27,909
4,28,908
4,29,907
4,30,906
4,31,905
4,32,904
4,33,903
4,34,902
4,35,901
4,36,869
4,37,868
4,38,867
4,39,835
4,40,834
4,41,802
4,42,801
4,43,769
4,44,737
4,45,705
4,46,673
4,47,641
4,48,609
4,49,610
4,50,578
4,51,579
4,52,547
4,53,548
4,54,516
4,55,484
4,56,485
4,57,453
5,0,2
5,1,34
5,2,66
5,3,98
5,4,130
5,5,162
5,6,194
5,7,226
5,8,227
5,9,228
5,10,260
5,11,261
5,12,293
6,0,808
6,1,776
6,2,777
6,3,778
6,4,779
6,5,780
6,6,781
6,7,749
6,8,750
6,9,751
6,10,752
6,11,720
6,12,721
6,13,689
6,14,657
6,15,625
6,16,626
6,17,594
6,18,595
6,19,596
6,20,597
6,21,598
6,22,566
6,23,534
6,24,535
6,25,536
6,26,537
6,27,538
6,28,539
6,29,540
6,30,508
6,31,476
7,0,732
7,1,731
7,2,699
7,3,698
7,4,666
7,5,665
7,6,664
7,7,663
7,8,631
7,9,599
7,10,567
7,11,535
7,12,534
7,13,533
7,14,501
7,15,469
7,16,437
7,17,405
7,18,373
7,19,341
7,20,340
7,21,308
7,22,276
7,23,244
7,24,243
7,25,242
7,26,241
7,27,240
7,28,239
7,29,238
7,30,237
7,31,236
7,32,204
7,33,172
7,34,171
8,0,953
8,1,921
8,2,889
8,3,857
8,4,825
8,5,793
8,6,792
8,7,760
8,8,728
8,9,727
8,10,695
8,11,694
8,12,662
8,13,630
8,14,629
8,15,597
8,16,565
8,17,533
8,18,501
8,19,469
8,20,468
8,21,436
8,22,435
8,23,403
8,24,371
8,25,339
8,26,338
8,27,306
8,28,274
8,29,242
9,0,172
9,1,204
9,2,236
9,3,237
9,4,238
9,5,239
9,6,240
9,7,272
9,8,273
9,9,305
9,10,306
9,11,338
9,12,370
9,13,402
9,14,434
9,15,466
9,16,498
10,0,157
10,1,156
10,2,124
10,3,123
10,4,122
10,5,121
10,6,120
10,7,119
10,8,87
10,9,55
10,10,23
10,11,22
10,12,21
10,13,20
11,0,667
11,1,635
11,2,603
11,3,602
11,4,570
11,5,538
11,6,506
11,7,474
11,8,442
11,9,441
11,10,440
11,11,439
11,12,407
11,13,375
11,14,343
11,15,311
11,16,310
11,17,309
11,18,308
11,19,276
11,20,244
11,21,212
11,22,211
11,23,179
11,24,178
11,25,177
11,26,176
11,27,175
11,28,174
11,29,142
11,30,110
11,31,78
11,32,77
11,33,76
11,34,44
11,35,43
11,36,42
11,37,41
11,38,40
11,39,39
11,40,38
11,41,37
11,42,36
11,43,35
11,44,34
11,45,33
11,46,32
12,0,850
12,1,851
12,2,852
12,3,884
12,4,885
12,5,886
12,6,854
12,7,855
12,8,856
13,0,588
13,1,589
13,2,590
13,3,558
13,4,559
13,5,527
13,6,528
13,7,496
13,8,497
13,9,465
13,10,433
13,11,401
13,12,369
13,13,370
13,14,338
13,15,306
13,16,274
13,17,242
13,18,210
13,19,178
13,20,146
13,21,114
13,22,113
14,0,461
14,1,429
14,2,430
14,3,431
14,4,432
14,5,433
14,6,401
14,7,402
14,8,403
14,9,404
14,10,405
14,11,373
15,0,333
15,1,334
15,2,302
15,3,303
15,4,304
15,5,305
15,6,306
15,7,307
15,8,308
15,9,309
15,10,341
15,11,342
15,12,343
15,13,344
15,14,376
15,15,377
16,0,218
16,1,219
16,2,220
16,3,252
16,4,253
16,5,285
16,6,317
16,7,349
16,8,381
16,9,413
16,10,445
16,11,477
16,12,478
16,13,510
16,14,542
16,15,574
16,16,606
16,17,605
16,18,604
17,0,330
17,1,362
17,2,363
17,3,364
17,4,396
17,5,428
17,6,460
17,7,492
17,8,524
17,9,556
17,10,588
17,11,620
17,12,652
17,13,684
17,14,716
17,15,748
17,16,780
17,17,812
17,18,844
17,19,876
17,20,908
18,0,308
18,1,340
18,2,339
18,3,371
18,4,370
18,5,369
18,6,368
18,7,367
18,8,366
18,9,398
18,10,430
18,11,429
18,12,461
18,13,493
18,14,492
18,15,491
18,16,523
18,17,555
18,18,587
18,19,619
18,20,651
18,21,683
18,22,715
18,23,714
18,24,713
18,25,712
18,26,711
18,27,710
18,28,742
18,29,741
18,30,740
18,31,739
18,32,738
18,33,737
18,34,736
18,35,768
18,36,800
19,0,429
19,1,461
19,2,493
19,3,525
19,4,557
19,5,589
19,6,621
19,7,653
19,8,685
19,9,717
19,10,749
19,11,781
19,12,813
19,13,845
19,14,877
19,15,909
20,0,551
20,1,583
20,2,615
20,3,647
20,4,679
20,5,711
20,6,743
20,7,775
20,8,776
20,9,808
20,10,840
20,11,872
20,12,904
20,13,905
20,14,906
20,15,938
20,16,939
20,17,971
20,18,972
20,19,973
20,20,1005
21,0,309
21,1,341
21,2,373
21,3,405
21,4,406
21,5,438
21,6,470
21,7,471
21,8,503
21,9,535
21,10,567
22,0,578
22,1,546
22,2,545
22,3,513
22,4,481
22,5,480
22,6,448
22,7,449
22,8,417
22,9,385
22,10,353
22,11,321
22,12,289
22,13,257
22,14,225
22,15,193
22,16,161
22,17,162
22,18,163
22,19,164
22,20,165
22,21,166
22,22,134
22,23,102
22,24,103
22,25,104
22,26,105
22,27,73
22,28,74
23,0,777
23,1,778
23,2,810
23,3,811
23,4,812
23,5,813
23,6,814
23,7,815
23,8,816
23,9,817
23,10,818
23,11,786
23,12,754
23,13,755
23,14,723
23,15,691
23,16,692
23,17,693
23,18,694
23,19,662
23,20,630
23,21,598
23,22,599
23,23,567
23,24,568
24,0,479
24,1,478
24,2,477
24,3,445
24,4,413
24,5,414
24,6,382
24,7,350
24,8,351
24,9,319
24,10,287
24,11,255
24,12,223
24,13,191
24,14,159
24,15,127
24,16,95
24,17,94
24,18,93
24,19,92
25,0,660
25,1,659
25,2,658
25,3,657
25,4,625
25,5,624
25,6,623
25,7,622
25,8,621
25,9,620
25,10,619
25,11,587
25,12,586
25,13,585
25,14,584
25,15,583
25,16,551
25,17,519
25,18,487
25,19,486
25,20,485
25,21,453
25,22,421
25,23,420
25,24,388
25,25,387
25,26,355
25,27,323
25,28,291
26,0,680
26,1,648
26,2,616
26,3,615
26,4,614
26,5,613
26,6,581
26,7,549
26,8,517
26,9,485
26,10,453
26,11,421
26,12,420
26,13,388
26,14,356
26,15,324
27,0,274
27,1,306
27,2,307
27,3,339
27,4,340
27,5,341
27,6,342
27,7,343
27,8,375
28,0,874
28,1,875
28,2,876
28,3,877
28,4,878
28,5,879
28,6,880
28,7,881
28,8,913
28,9,945
28,10,977
28,11,978
28,12,979
28,13,980
28,14,981
28,15,982
28,16,983
28,17,984
28,18,985
28,19,986
28,20,987
28,21,988
29,0,601
29,1,600
29,2,568
29,3,536
29,4,504
29,5,472
29,6,440
29,7,408
29,8,376
29,9,344
29,10,343
29,11,342
29,12,341
29,13,309
29,14,277
29,15,245
30,0,571
30,1,603
30,2,635
30,3,667
30,4,666
30,5,698
30,6,730
30,7,762
30,8,794
30,9,826
30,10,858
30,11,890
30,12,922
30,13,954
30,14,986
30,15,985
30,16,984
30,17,983
30,18,982
30,19,1014
30,20,1013
30,21,1012
30,22,1011
30,23,1010
30,24,1009
30,25,1008
30,26,1007
30,27,1006
30,28,974
30,29,973
30,30,972
30,31,940
30,32,939
30,33,907
30,34,875
30,35,874
30,36,842
30,37,841
30,38,809
31,0,996
31,1,997
31,2,998
31,3,966
31,4,967
31,5,968
31,6,969
31,7,970
31,8,971
31,9,972
31,10,973
31,11,941
31,12,942
31,13,943
31,14,944
31,15,945
31,16,913
31,17,881
31,18,882
31,19,850
31,20,818
31,21,786
31,22,754
31,23,722
31,24,723
31,25,724
31,26,692
31,27,660
31,28,628
31,29,629
31,30,597
31,31,598
31,32,599
31,33,567
31,34,568
31,35,536
31,36,504
31,37,505
31,38,473
31,39,441
31,40,409
31,41,410
31,42,378
31,43,346
31,44,347
31,45,315
31,46,283
31,47,251
31,48,250
31,49,218
31,50,186
31,51,154
32,0,134
32,1,166
32,2,165
32,3,197
32,4,229
32,5,261
32,6,293
32,7,292
33,0,197
33,1,229
33,2,261
33,3,260
33,4,292
33,5,291
33,6,290
33,7,322
33,8,354
33,9,353
33,10,385
33,11,417
33,12,449
33,13,481
33,14,513
33,15,545
33,16,546
33,17,578
33,18,610
33,19,609
33,20,608
33,21,640
33,22,672
33,23,673
33,24,705
33,25,737
33,26,769
33,27,801
33,28,802
33,29,834
33,30,866
33,31,898
33,32,930
33,33,931
33,34,932
33,35,933
33,36,965
33,37,966
33,38,998
33,39,999
33,40,1000
33,41,1001
33,42,1002
33,43,1003
33,44,1004
33,45,1005
33,46,1006
33,47,1007
33,48,1008
33,49,1009
33,50,1010
33,51,978
34,0,484
34,1,483
34,2,451
34,3,419
34,4,420
34,5,388
34,6,356
34,7,357
34,8,325
34,9,326
34,10,294
34,11,295
34,12,263
34,13,264
34,14,265
34,15,266
34,16,267
34,17,235
34,18,203
34,19,204
34,20,205
34,21,206
34,22,207
34,23,208
34,24,209
34,25,210
34,26,211
34,27,212
34,28,213
34,29,214
34,30,215
34,31,216
34,32,217
34,33,218
34,34,219
34,35,220
34,36,221
34,37,222
34,38,223
35,0,46
35,1,14
35,2,15
35,3,47
35,4,48
35,5,80
35,6,112
35,7,113
35,8,114
35,9,115
35,10,147
35,11,148
35,12,149
35,13,181
35,14,213
35,15,214
35,16,246
35,17,278
35,18,279
35,19,280
35,20,312
35,21,313
35,22,345
35,23,346
35,24,378
35,25,410
35,26,442
35,27,474
35,28,506
35,29,538
35,30,570
35,31,571
36,0,403
36,1,371
36,2,370
36,3,369
36,4,368
36,5,367
36,6,366
36,7,334
36,8,333
37,0,965
37,1,966
37,2,967
37,3,968
37,4,969
37,5,970
37,6,971
37,7,972
37,8,1004
37,9,1005
37,10,1006
37,11,1007
37,12,1008
37,13,976
37,14,977
37,15,945
38,0,645
38,1,613
38,2,581
38,3,549
38,4,517
38,5,485
38,6,453
38,7,421
38,8,422
38,9,390
38,10,358
38,11,326
38,12,294
38,13,295
38,14,263
38,15,264
38,16,265
38,17,233
38,18,201
39,0,400
39,1,432
39,2,464
39,3,496
39,4,528
39,5,560
39,6,559
39,7,558
39,8,590
39,9,589
39,10,621
39,11,653
40,0,623
40,1,655
40,2,687
40,3,719
40,4,720
40,5,721
40,6,753
40,7,785
40,8,817
40,9,849
40,10,850
40,11,851
40,12,852
40,13,884
40,14,885
40,15,886
40,16,887
40,17,919
40,18,951
40,19,952
40,20,984
41,0,405
41,1,404
41,2,403
41,3,402
41,4,434
41,5,466
41,6,465
41,7,497
41,8,529
41,9,528
41,10,527
41,11,559
41,12,558
41,13,557
41,14,556
41,15,555
41,16,554
41,17,553
41,18,552
41,19,551
41,20,550
41,21,549
41,22,548
41,23,580
42,0,285
42,1,284
42,2,283
42,3,315
42,4,347
42,5,379
42,6,378
42,7,377
42,8,409
42,9,408
42,10,440
42,11,472
42,12,471
42,13,470
42,14,469
42,15,468
42,16,467
42,17,466
42,18,498
42,19,497
42,20,496
42,21,528
42,22,527
42,23,526
42,24,525
42,25,524
42,26,523
42,27,522
42,28,521
42,29,520
42,30,519
43,0,345
43,1,377
43,2,376
43,3,375
43,4,374
43,5,373
43,6,405
43,7,437
43,8,469
43,9,501
43,10,533
43,11,565
43,12,597
43,13,629
43,14,628
43,15,627
43,16,659
43,17,691
43,18,723
43,19,755
43,20,787
43,21,788
43,22,820
44,0,864
44,1,865
44,2,866
44,3,867
44,4,868
44,5,869
44,6,870
44,7,838
44,8,839
44,9,807
44,10,808
44,11,809
44,12,810
44,13,778
44,14,779
44,15,780
44,16,781
44,17,782
44,18,750
44,19,751
44,20,752
44,21,753
44,22,754
44,23,722
44,24,690
44,25,658
44,26,626
44,27,594
44,28,562
44,29,563
44,30,531
44,31,532
44,32,533
44,33,534
44,34,535
44,35,503
44,36,471
44,37,439
44,38,407
44,39,375
44,40,343
44,41,311
44,42,312
45,0,784
45,1,816
45,2,817
45,3,818
45,4,819
45,5,820
45,6,821
45,7,822
45,8,823
46,0,753
46,1,785
46,2,784
46,3,783
46,4,815
47,0,540
47,1,539
47,2,538
47,3,537
47,4,536
47,5,535
47,6,534
47,7,533
47,8,565
47,9,564
47,10,563
47,11,562
47,12,561
47,13,560
47,14,559
47,15,558
47,16,557
47,17,556
47,18,555
47,19,554
47,20,553
47,21,552
47,22,551
47,23,519
47,24,518
47,25,517
47,26,516
47,27,515
48,0,765
48,1,797
48,2,796
48,3,828
48,4,827
48,5,826
48,6,858
48,7,890
48,8,922
48,9,954
48,10,953
48,11,952
48,12,951
48,13,983
48,14,982
48,15,981
48,16,949
48,17,948
48,18,947
48,19,946
48,20,914
48,21,913
48,22,912
48,23,911
48,24,910
48,25,878
48,26,877
48,27,876
48,28,875
48,29,843
48,30,842
48,31,810
48,32,778
48,33,746
48,34,714
48,35,682
48,36,650
48,37,618
48,38,617
48,39,585
48,40,584
48,41,552
48,42,520
48,43,519
48,44,518
48,45,486
48,46,454
48,47,453
48,48,421
48,49,420
48,50,388
48,51,356
48,52,324
48,53,292
48,54,260
48,55,259
48,56,227
48,57,195
49,0,568
49,1,569
49,2,601
49,3,633
49,4,665
49,5,666
49,6,698
49,7,730
50,0,665
50,1,664
50,2,632
50,3,600
50,4,568
50,5,536
50,6,504
50,7,503
50,8,502
50,9,501
50,10,469
50,11,437
50,12,405
50,13,373
50,14,341
50,15,309
50,16,277
50,17,276
50,18,244
50,19,243
50,20,242
50,21,241
50,22,240
50,23,239
50,24,238
50,25,206
50,26,174
50,27,142
50,28,141
50,29,109
50,30,108
50,31,107
50,32,106
51,0,138
51,1,170
51,2,171
51,3,172
51,4,173
51,5,205
51,6,206
51,7,207
51,8,208
51,9,209
51,10,210
51,11,211
51,12,212
51,13,244
51,14,276
51,15,277
51,16,309
51,17,341
51,18,342
51,19,343
52,0,498
52,1,499
52,2,467
52,3,468
52,4,469
52,5,470
52,6,471
52,7,472
52,8,473
52,9,474
52,10,475
52,11,476
52,12,477
52,13,478
52,14,479
53,0,570
53,1,569
53,2,601
53,3,600
53,4,599
53,5,631
53,6,630
53,7,662
53,8,694
53,9,693
53,10,692
53,11,724
53,12,723
53,13,722
53,14,721
53,15,720
53,16,752
53,17,751
53,18,750
53,19,749
54,0,689
54,1,721
54,2,753
54,3,754
54,4,786
54,5,787
54,6,819
54,7,851
54,8,883
54,9,915
54,10,947
54,11,979
54,12,1011
55,0,419
55,1,387
55,2,355
55,3,356
55,4,324
55,5,292
55,6,260
55,7,228
55,8,229
55,9,197
55,10,165
55,11,166
55,12,167
55,13,168
56,0,643
56,1,675
56,2,707
56,3,708
56,4,709
56,5,677
56,6,645
56,7,646
56,8,647
56,9,648
56,10,616
56,11,617
56,12,618
56,13,619
56,14,620
56,15,588
56,16,589
56,17,557
56,18,558
56,19,526
56,20,527
56,21,528
56,22,496
56,23,497
56,24,498
56,25,466
56,26,467
56,27,468
56,28,436
56,29,404
56,30,405
56,31,406
56,32,407
56,33,375
56,34,376
56,35,377
56,36,378
56,37,379
56,38,380
56,39,381
56,40,382
57,0,946
57,1,978
57,2,977
57,3,1009
57,4,1008
57,5,1007
57,6,1006
57,7,1005
57,8,1004
57,9,1003
57,10,1002
57,11,1001
57,12,1000
57,13,999
57,14,998
57,15,997
57,16,965
57,17,933
57,18,932
57,19,900
57,20,868
57,21,836
57,22,804
57,23,803
57,24,771
57,25,739
57,26,707
57,27,675
57,28,643
57,29,642
57,30,610
57,31,578
57,32,546
57,33,514
57,34,482
57,35,450
57,36,418
57,37,386
57,38,385
57,39,353
57,40,321
57,41,289
57,42,257
57,43,225
57,44,226
57,45,194
57,46,195
57,47,163
57,48,164
57,49,165
57,50,166
57,51,167
57,52,135
57,53,136
57,54,137
58,0,625
58,1,624
58,2,623
58,3,622
58,4,621
58,5,589
58,6,557
58,7,525
58,8,493
58,9,461
58,10,429
58,11,428
58,12,396
58,13,364
58,14,363
58,15,331
58,16,299
58,17,267
58,18,266
58,19,265
58,20,264
58,21,263
58,22,231
58,23,230
58,24,229
58,25,228
58,26,227
58,27,195
58,28,194
59,0,116
59,1,148
59,2,149
59,3,181
59,4,213
59,5,245
59,6,277
59,7,309
60,0,727
60,1,728
60,2,760
60,3,792
60,4,824
60,5,856
60,6,888
60,7,920
60,8,921
60,9,922
61,0,100
61,1,132
61,2,164
61,3,163
61,4,195
61,5,227
61,6,259
61,7,291
61,8,323
61,9,355
61,10,387
61,11,386
61,12,418
61,13,450
61,14,482
61,15,514
61,16,546
61,17,578
61,18,610
61,19,642
61,20,674
61,21,706
61,22,738
61,23,770
61,24,771
61,25,803
61,26,804
61,27,836
61,28,868
61,29,900
61,30,901
61,31,933
61,32,965
61,33,997
61,34,998
61,35,999
61,36,1000
61,37,1001
61,38,1002
61,39,1003
61,40,1004
61,41,1005
61,42,1006
61,43,1007
61,44,1008
61,45,1009
61,46,1010
61,47,1011
61,48,1012
61,49,1013
61,50,1014
61,51,982
61,52,983
61,53,984
61,54,985
61,55,986
61,56,987
62,0,982
62,1,983
62,2,984
62,3,1016
62,4,1017
62,5,1018
62,6,1019
62,7,1020
63,0,454
63,1,486
63,2,487
63,3,519
63,4,551
63,5,583
63,6,584
63,7,616
63,8,648
63,9,680
63,10,712
63,11,713
63,12,745
63,13,746
63,14,747
63,15,748
63,16,749
63,17,781
63,18,782
63,19,783
63,20,784
63,21,785
63,22,786
63,23,787
63,24,788
64,0,769
64,1,770
64,2,771
64,3,739
64,4,740
64,5,741
64,6,709
64,7,677
64,8,645
64,9,613
64,10,581
64,11,549
64,12,550
64,13,518
64,14,486
64,15,454
64,16,422
65,0,410
65,1,409
65,2,377
65,3,345
65,4,313
65,5,281
65,6,249
65,7,217
65,8,185
65,9,184
65,10,183
65,11,151
65,12,119
65,13,87
66,0,33
66,1,65
66,2,97
66,3,129
66,4,161
66,5,193
66,6,225
66,7,224
66,8,256
66,9,288
66,10,320
66,11,352
66,12,353
66,13,354
66,14,355
66,15,387
66,16,419
66,17,451
66,18,483
66,19,484
66,20,516
66,21,517
66,22,518
66,23,550
66,24,551
66,25,583
66,26,584
66,27,616
66,28,617
66,29,618
66,30,650
66,31,682
66,32,683
67,0,95
67,1,127
67,2,159
67,3,191
67,4,190
67,5,222
67,6,221
67,7,253
67,8,285
67,9,317
67,10,349
67,11,381
67,12,413
67,13,445
67,14,477
67,15,478
67,16,510
67,17,542
67,18,574
67,19,575
67,20,607
67,21,639
68,0,149
68,1,117
68,2,85
68,3,86
68,4,87
68,5,88
68,6,89
69,0,301
69,1,269
69,2,237
69,3,205
69,4,204
69,5,172
69,6,140
69,7,139
69,8,107
69,9,106
69,10,105
69,11,104
69,12,103
69,13,102
69,14,70
69,15,69
69,16,68
69,17,67
69,18,66
69,19,65
70,0,108
70,1,107
70,2,106
70,3,105
70,4,137
70,5,136
70,6,168
70,7,167
70,8,199
70,9,231
70,10,230
70,11,229
70,12,228
71,0,497
71,1,498
71,2,499
71,3,531
71,4,532
71,5,564
71,6,596
71,7,628
71,8,660
71,9,661
71,10,693
71,11,725
71,12,757
71,13,758
71,14,790
71,15,822
71,16,823
71,17,824
71,18,825
71,19,826
71,20,827
71,21,828
72,0,904
72,1,936
72,2,968
72,3,1000
72,4,1001
72,5,1002
72,6,1003
72,7,1004
72,8,1005
72,9,1006
72,10,1007
72,11,1008
73,0,614
73,1,646
73,2,678
73,3,710
73,4,742
73,5,743
73,6,744
73,7,745
73,8,777
73,9,778
73,10,779
73,11,780
73,12,781
73,13,782
73,14,783
73,15,784
73,16,785
73,17,786
73,18,818
74,0,404
74,1,436
74,2,468
74,3,467
74,4,499
74,5,531
74,6,563
74,7,562
74,8,594
74,9,626
74,10,625
74,11,657
74,12,689
74,13,688
74,14,687
74,15,719
74,16,751
74,17,750
74,18,782
74,19,814
74,20,813
75,0,827
75,1,826
75,2,825
75,3,824
75,4,823
75,5,822
75,6,790
75,7,758
75,8,757
75,9,725
75,10,724
75,11,723
75,12,722
75,13,721
75,14,720
75,15,719
75,16,687
75,17,655
75,18,654
75,19,622
75,20,621
75,21,589
75,22,557
75,23,525
75,24,493
75,25,461
76,0,778
76,1,746
76,2,747
76,3,748
76,4,749
76,5,750
76,6,751
76,7,719
76,8,720
76,9,721
76,10,689
76,11,657
76,12,658
76,13,659
76,14,660
76,15,661
76,16,662
76,17,663
76,18,631
76,19,599
76,20,600
76,21,568
76,22,536
76,23,504
76,24,472
76,25,440
76,26,441
76,27,442
76,28,410
76,29,378
76,30,346
76,31,347
76,32,315
76,33,283
76,34,251
76,35,219
76,36,187
76,37,155
76,38,123
76,39,91
76,40,59
76,41,60
76,42,61
77,0,113
77,1,112
77,2,144
77,3,176
77,4,208
77,5,207
77,6,206
77,7,205
77,8,204
77,9,203
77,10,202
77,11,201
77,12,200
77,13,199
77,14,231
77,15,263
77,16,295
77,17,294
77,18,293
77,19,292
77,20,291
77,21,290
77,22,322
77,23,354
77,24,386
77,25,418
77,26,450
77,27,449
77,28,481
78,0,9
78,1,41
78,2,42
78,3,74
78,4,106
78,5,138
78,6,170
78,7,202
78,8,234
78,9,233
78,10,265
78,11,297
78,12,329
78,13,328
79,0,879
79,1,847
79,2,848
79,3,849
79,4,850
79,5,818
79,6,786
79,7,754
79,8,722
80,0,230
80,1,231
80,2,199
80,3,200
80,4,168
80,5,136
80,6,104
80,7,105
80,8,73
80,9,41
80,10,9
80,11,10
80,12,11
80,13,12
80,14,13
80,15,14
80,16,15
80,17,16
80,18,48
80,19,49
80,20,50
80,21,51
80,22,52
80,23,20
80,24,21
80,25,22
80,26,23
80,27,24
80,28,56
80,29,88
80,30,120
80,31,121
80,32,153
80,33,154
80,34,155
80,35,187
80,36,219
80,37,251
80,38,283
80,39,284
81,0,408
81,1,407
81,2,406
81,3,438
81,4,470
81,5,502
81,6,534
81,7,533
81,8,565
81,9,597
81,10,629
81,11,628
81,12,627
81,13,626
81,14,625
81,15,657
81,16,689
81,17,721
81,18,753
81,19,752
81,20,751
81,21,750
81,22,782
81,23,814
82,0,524
82,1,525
82,2,526
82,3,527
82,4,528
82,5,529
82,6,497
82,7,498
82,8,499
82,9,531
82,10,532
82,11,533
82,12,534
82,13,535
82,14,536
82,15,537
83,0,58
83,1,59
83,2,91
83,3,123
83,4,155
83,5,154
83,6,186
83,7,218
83,8,217
83,9,249
83,10,281
83,11,280
84,0,269
84,1,301
84,2,302
84,3,303
84,4,335
84,5,336
84,6,368
84,7,400
84,8,432
84,9,464
84,10,496
84,11,528
84,12,560
84,13,592
84,14,624
84,15,625
85,0,453
85,1,454
85,2,422
85,3,423
85,4,424
85,5,392
85,6,393
85,7,394
85,8,362
85,9,363
85,10,364
85,11,332
85,12,333
85,13,334
85,14,302
85,15,303
85,16,304
85,17,305
85,18,306
85,19,307
85,20,308
86,0,52
86,1,84
86,2,116
86,3,115
86,4,147
86,5,179
86,6,178
86,7,210
86,8,242
86,9,274
86,10,273
86,11,305
86,12,304
86,13,336
86,14,335
86,15,367
86,16,366
86,17,398
86,18,430
86,19,462
86,20,461
86,21,460
86,22,459
86,23,458
86,24,457
86,25,489
86,26,521
86,27,553
86,28,585
86,29,617
86,30,649
86,31,648
86,32,680
86,33,679
86,34,678
86,35,710
86,36,742
86,37,741
86,38,740
86,39,739
86,40,738
86,41,737
86,42,769
86,43,768
86,44,800
86,45,832
86,46,864
86,47,896
86,48,928
86,49,960
87,0,287
87,1,319
87,2,318
87,3,317
87,4,316
87,5,315
87,6,347
87,7,346
87,8,345
87,9,344
87,10,343
87,11,342
87,12,374
87,13,406
87,14,405
87,15,437
87,16,436
87,17,435
87,18,434
87,19,433
87,20,465
87,21,497
87,22,529
87,23,561
87,24,560
87,25,592
88,0,823
88,1,791
88,2,790
88,3,758
88,4,757
88,5,725
88,6,724
88,7,692
89,0,430
89,1,398
89,2,399
89,3,400
89,4,401
89,5,402
89,6,370
89,7,371
89,8,339
89,9,307
89,10,308
89,11,309
89,12,310
89,13,311
89,14,312
89,15,280
89,16,281
89,17,249
89,18,250
89,19,251
89,20,219
90,0,34
90,1,35
90,2,36
90,3,37
90,4,38
90,5,39
90,6,40
90,7,8
90,8,9
90,9,10
90,10,11
90,11,12
90,12,13
90,13,14
90,14,15
90,15,16
90,16,48
90,17,80
90,18,81
90,19,113
90,20,114
90,21,115
90,22,116
90,23,117
90,24,118
90,25,119
90,26,120
90,27,121
90,28,122
90,29,123
90,30,124
90,31,92
90,32,60
90,33,61
90,34,62
90,35,94
90,36,126
91,0,968
91,1,936
91,2,904
91,3,905
91,4,873
91,5,841
91,6,809
91,7,810
91,8,778
91,9,746
91,10,714
91,11,682
91,12,650
91,13,618
91,14,586
91,15,554
91,16,522
91,17,490
91,18,458
91,19,426
91,20,394
91,21,362
91,22,330
91,23,298
91,24,266
91,25,234
91,26,235
91,27,203
91,28,171
91,29,172
91,30,173
91,31,174
91,32,175
91,33,176
91,34,177
92,0,422
92,1,421
92,2,453
92,3,485
92,4,517
92,5,549
92,6,581
92,7,580
92,8,579
92,9,578
92,10,610
92,11,642
92,12,674
93,0,836
93,1,837
93,2,869
93,3,901
93,4,902
93,5,903
93,6,904
93,7,905
93,8,906
93,9,907
93,10,908
93,11,909
93,12,910
93,13,911
93,14,912
93,15,913
93,16,881
93,17,849
93,18,817
93,19,785
93,20,786
93,21,754
93,22,722
93,23,690
93,24,691
93,25,692
93,26,693
93,27,694
93,28,695
93,29,696
93,30,697
93,31,665
93,32,633
93,33,601
93,34,569
93,35,537
93,36,505
93,37,473
93,38,441
93,39,409
93,40,377
93,41,345
93,42,313
93,43,281
93,44,249
93,45,217
93,46,185
93,47,153
93,48,121
94,0,942
94,1,941
94,2,909
94,3,877
94,4,876
94,5,875
94,6,874
94,7,873
94,8,872
94,9,840
94,10,808
94,11,776
94,12,744
94,13,712
94,14,680
94,15,648
94,16,616
94,17,584
94,18,552
94,19,551
94,20,550
94,21,549
94,22,548
94,23,516
94,24,484
94,25,483
94,26,451
94,27,419
94,28,387
94,29,355
94,30,323
94,31,291
94,32,259
94,33,227
94,34,195
94,35,163
94,36,131
94,37,130
95,0,206
95,1,207
95,2,208
95,3,209
95,4,210
95,5,211
95,6,212
95,7,213
95,8,214
95,9,215
95,10,183
95,11,184
95,12,185
95,13,186
95,14,187
95,15,188
95,16,189
95,17,157
95,18,158
95,19,126
95,20,127
95,21,95
96,0,989
96,1,957
96,2,956
96,3,924
96,4,892
96,5,891
96,6,859
96,7,827
96,8,795
96,9,763
96,10,731
96,11,699
96,12,667
96,13,635
96,14,603
96,15,571
96,16,539
96,17,507
96,18,475
96,19,443
96,20,442
96,21,441
96,22,409
97,0,382
97,1,414
97,2,413
97,3,445
97,4,444
97,5,476
97,6,508
97,7,540
97,8,541
97,9,573
97,10,574
97,11,606
97,12,638
97,13,670
97,14,669
97,15,668
97,16,700
97,17,732
97,18,731
98,0,506
98,1,507
98,2,539
98,3,571
98,4,603
98,5,635
98,6,667
98,7,699
98,8,731
98,9,763
98,10,795
98,11,827
98,12,859
98,13,891
98,14,923
98,15,955
98,16,987
98,17,986
99,0,73
99,1,105
99,2,106
99,3,138
99,4,170
99,5,171
99,6,203
99,7,235
99,8,267
99,9,299
99,10,331
99,11,332
99,12,364
99,13,396
99,14,428
99,15,460
99,16,492
99,17,491
99,18,523
100,0,327
100,1,295
100,2,263
100,3,231
100,4,199
100,5,167
100,6,135
100,7,103
100,8,104
100,9,105
100,10,73
100,11,74
100,12,42
101,0,460
101,1,428
101,2,396
101,3,364
101,4,363
101,5,331
101,6,299
101,7,298
101,8,297
101,9,265
101,10,233
101,11,201
101,12,200
101,13,199
101,14,167
101,15,166
101,16,165
101,17,164
101,18,163
101,19,162
101,20,161
102,0,926
102,1,894
102,2,862
102,3,830
102,4,798
102,5,766
102,6,734
102,7,733
102,8,701
102,9,669
102,10,670
102,11,638
102,12,606
102,13,574
102,14,542
102,15,510
102,16,511
102,17,479
102,18,447
103,0,288
103,1,256
103,2,224
103,3,225
103,4,193
103,5,161
103,6,162
103,7,130
103,8,131
103,9,99
103,10,67
103,11,68
103,12,69
103,13,37
103,14,5
104,0,892
104,1,891
104,2,890
104,3,889
104,4,888
104,5,887
104,6,886
104,7,885
104,8,884
104,9,916
104,10,948
104,11,947
105,0,483
105,1,515
105,2,516
105,3,517
105,4,518
105,5,519
105,6,520
105,7,521
105,8,489
105,9,457
105,10,458
105,11,459
105,12,460
105,13,461
105,14,429
105,15,430
105,16,398
105,17,399
105,18,400
105,19,401
105,20,369
105,21,370
105,22,338
105,23,339
105,24,340
105,25,308
105,26,276
105,27,277
105,28,245
105,29,246
105,30,214
106,0,537
106,1,538
106,2,539
106,3,507
106,4,508
106,5,476
106,6,444
106,7,412
106,8,380
106,9,348
106,10,316
106,11,317
106,12,318
106,13,286
106,14,254
106,15,222
106,16,190
106,17,158
107,0,978
107,1,946
107,2,945
107,3,944
107,4,943
107,5,942
107,6,941
107,7,940
107,8,939
107,9,938
107,10,906
107,11,874
107,12,873
107,13,872
107,14,840
107,15,808
107,16,807
107,17,775
107,18,743
107,19,711
107,20,679
107,21,678
107,22,646
107,23,645
107,24,613
107,25,581
107,26,549
107,27,548
107,28,547
107,29,546
107,30,545
107,31,513
107,32,481
107,33,449
107,34,417
107,35,385
108,0,409
108,1,408
108,2,407
108,3,406
108,4,405
108,5,404
108,6,403
108,7,371
108,8,370
108,9,369
109,0,642
109,1,643
109,2,675
109,3,707
109,4,739
109,5,771
109,6,803
109,7,835
109,8,836
109,9,837
109,10,838
109,11,839
109,12,840
109,13,872
109,14,873
109,15,874
109,16,875
109,17,876
109,18,877
109,19,878
109,20,879
109,21,880
109,22,881
109,23,882
109,24,883
109,25,884
109,26,885
109,27,886
109,28,887
109,29,919
109,30,920
109,31,921
109,32,953
109,33,954
109,34,955
109,35,956
109,36,957
109,37,958
109,38,959
109,39,927
110,0,984
110,1,952
110,2,920
110,3,888
110,4,856
110,5,824
110,6,792
110,7,760
110,8,728
110,9,727
110,10,695
110,11,694
110,12,662
110,13,661
110,14,629
110,15,597
110,16,565
111,0,755
111,1,787
111,2,819
111,3,851
111,4,883
111,5,915
111,6,947
111,7,979
111,8,1011
111,9,1010
112,0,654
112,1,653
112,2,652
112,3,651
112,4,683
112,5,682
112,6,681
112,7,680
112,8,712
112,9,744
112,10,743
112,11,742
112,12,741
112,13,740
112,14,772
113,0,639
113,1,638
113,2,670
113,3,669
113,4,701
113,5,733
113,6,734
113,7,735
113,8,767
113,9,799
113,10,831
113,11,830
113,12,862
113,13,894
113,14,926
114,0,705
114,1,706
114,2,707
114,3,708
114,4,709
114,5,710
114,6,711
114,7,712
114,8,680
114,9,681
114,10,649
114,11,650
114,12,618
114,13,586
114,14,554
114,15,522
114,16,490
114,17,491
114,18,492
114,19,493
114,20,494
114,21,462
114,22,430
114,23,431
114,24,432
114,25,433
114,26,434
114,27,435
114,28,436
114,29,437
114,30,438
114,31,439
114,32,440
114,33,441
115,0,790
115,1,791
115,2,792
115,3,793
115,4,794
115,5,762
115,6,763
115,7,731
115,8,732
115,9,700
115,10,668
115,11,669
115,12,670
115,13,638
115,14,606
115,15,574
115,16,542
115,17,541
115,18,509
115,19,477
115,20,445
115,21,413
115,22,381
115,23,382
115,24,350
115,25,318
116,0,78
116,1,110
116,2,142
116,3,174
116,4,206
116,5,207
116,6,208
116,7,240
116,8,241
116,9,273
116,10,274
116,11,306
116,12,307
116,13,308
116,14,340
116,15,341
116,16,373
116,17,374
116,18,375
116,19,407
116,20,408
117,0,928
117,1,896
117,2,864
117,3,832
117,4,800
117,5,801
117,6,769
117,7,770
117,8,771
117,9,772
117,10,740
117,11,708
117,12,709
117,13,710
117,14,678
117,15,646
117,16,614
117,17,615
117,18,616
117,19,617
117,20,585
117,21,553
117,22,521
117,23,522
117,24,490
117,25,491
117,26,492
117,27,460
117,28,461
117,29,429
117,30,430
117,31,398
117,32,366
117,33,334
118,0,434
118,1,433
118,2,465
118,3,497
118,4,529
118,5,528
118,6,527
118,7,526
118,8,558
118,9,557
118,10,556
118,11,588
118,12,620
118,13,652
118,14,684
118,15,683
118,16,682
118,17,714
118,18,746
118,19,778
118,20,810
118,21,842
118,22,874
118,23,906
118,24,938
119,0,220
119,1,221
119,2,222
119,3,254
119,4,286
119,5,318
119,6,350
119,7,382
119,8,381
119,9,413
119,10,445
119,11,444
119,12,476
119,13,508
119,14,540
119,15,539
119,16,571
119,17,570
119,18,569
119,19,601
119,20,600
119,21,632
119,22,631
119,23,630
119,24,662
119,25,661
119,26,660
119,27,692
119,28,691
119,29,690
119,30,689
119,31,688
119,32,687
119,33,686
120,0,133
120,1,132
120,2,164
120,3,163
121,0,135
121,1,134
121,2,133
121,3,165
121,4,197
121,5,229
121,6,228
121,7,260
121,8,292
121,9,324
121,10,356
121,11,388
121,12,387
121,13,419
121,14,451
121,15,483
121,16,515
121,17,514
121,18,546
121,19,578
121,20,610
121,21,609
121,22,608
121,23,640
121,24,672
121,25,673
121,26,705
121,27,737
121,28,736
121,29,768
121,30,800
121,31,832
121,32,864
121,33,896
121,34,928
121,35,929
121,36,961
121,37,962
121,38,963
122,0,515
122,1,516
122,2,548
122,3,549
122,4,550
122,5,551
122,6,552
122,7,553
122,8,554
122,9,555
122,10,556
122,11,557
122,12,558
122,13,559
122,14,560
122,15,561
122,16,562
122,17,563
122,18,564
122,19,565
122,20,566
122,21,567
122,22,568
122,23,569
122,24,537
122,25,538
122,26,539
123,0,187
123,1,219
123,2,251
123,3,283
123,4,315
123,5,347
123,6,379
123,7,378
123,8,410
123,9,442
123,10,474
123,11,506
123,12,538
123,13,570
123,14,569
123,15,601
123,16,633
123,17,632
123,18,664
123,19,696
123,20,728
123,21,760
123,22,792
123,23,791
124,0,736
124,1,737
124,2,738
124,3,739
124,4,740
124,5,741
124,6,742
124,7,743
124,8,744
124,9,745
124,10,746
124,11,747
125,0,747
125,1,715
125,2,683
125,3,651
125,4,652
125,5,620
125,6,588
125,7,556
125,8,557
125,9,525
125,10,493
125,11,494
125,12,462
125,13,430
125,14,431
125,15,432
125,16,400
125,17,368
125,18,336
125,19,304
125,20,272
125,21,240
125,22,208
126,0,754
126,1,755
126,2,723
126,3,691
126,4,692
126,5,660
126,6,628
126,7,629
126,8,597
126,9,565
126,10,533
126,11,501
126,12,502
126,13,503
126,14,504
127,0,1003
127,1,971
127,2,939
127,3,907
127,4,875
127,5,843
127,6,811
127,7,779
127,8,747
127,9,715
127,10,683
127,11,651
127,12,619
127,13,587
127,14,555
127,15,523
127,16,491
127,17,459
127,18,460
127,19,428
127,20,396
127,21,364
127,22,332
127,23,333
127,24,301
127,25,269
127,26,237
127,27,238
127,28,206
127,29,207
127,30,175
128,0,783
128,1,751
128,2,752
128,3,753
128,4,721
128,5,722
128,6,723
128,7,724
128,8,725
128,9,693
128,10,661
128,11,662
128,12,663
128,13,664
128,14,665
128,15,666
128,16,667
128,17,635
128,18,603
128,19,604
128,20,605
128,21,606
128,22,574
128,23,542
128,24,510
129,0,981
129,1,949
129,2,948
129,3,916
129,4,884
129,5,885
129,6,886
129,7,854
130,0,715
130,1,716
130,2,717
130,3,685
130,4,653
130,5,621
130,6,622
130,7,590
130,8,558
130,9,526
130,10,494
130,11,462
130,12,430
130,13,398
130,14,366
130,15,367
130,16,368
130,17,336
130,18,304
130,19,272
130,20,273
130,21,274
130,22,242
130,23,210
130,24,211
130,25,212
130,26,213
130,27,214
130,28,215
130,29,183
131,0,385
131,1,386
131,2,354
131,3,355
131,4,356
131,5,357
131,6,325
131,7,326
131,8,327
131,9,328
131,10,329
131,11,330
131,12,331
131,13,332
131,14,333
131,15,334
131,16,335
131,17,367
131,18,368
131,19,369
131,20,401
131,21,433
132,0,255
132,1,223
132,2,191
132,3,159
132,4,158
132,5,157
132,6,156
132,7,155
132,8,154
132,9,153
132,10,121
132,11,120
132,12,119
132,13,118
132,14,117
132,15,116
132,16,115
132,17,114
132,18,113
132,19,81
132,20,49
132,21,48
132,22,47
132,23,46
132,24,45
132,25,44
132,26,12
132,27,11
132,28,10
132,29,9
132,30,8
132,31,40
132,32,39
132,33,38
132,34,6
132,35,5
132,36,4
132,37,3
132,38,2
132,39,34
132,40,66
132,41,98
132,42,130
132,43,162
132,44,194
132,45,193
132,46,225
132,47,257
132,48,289
132,49,321
132,50,353
132,51,385
132,52,417
132,53,449
132,54,448
132,55,480
132,56,481
132,57,513
132,58,545
132,59,544
133,0,459
133,1,460
133,2,461
133,3,462
133,4,463
133,5,464
133,6,465
133,7,466
133,8,467
133,9,435
133,10,436
133,11,404
133,12,405
133,13,406
133,14,407
133,15,375
133,16,343
133,17,311
133,18,279
133,19,280
133,20,281
133,21,249
133,22,250
133,23,251
133,24,252
133,25,253
133,26,221
133,27,189
133,28,190
133,29,158
133,30,126
133,31,94
133,32,62
133,33,30
133,34,31
134,0,162
134,1,194
134,2,226
135,0,471
135,1,503
135,2,502
135,3,501
135,4,533
135,5,565
135,6,597
135,7,596
135,8,628
135,9,627
135,10,626
135,11,625
135,12,624
135,13,623
135,14,655
135,15,654
135,16,686
135,17,685
135,18,684
135,19,716
135,20,748
135,21,747
135,22,746
135,23,745
135,24,777
135,25,776
135,26,775
135,27,807
135,28,806
135,29,805
135,30,804
135,31,803
135,32,802
135,33,801
135,34,769
136,0,325
136,1,357
136,2,356
136,3,388
136,4,420
136,5,419
136,6,418
136,7,450
136,8,449
136,9,481
136,10,513
137,0,948
137,1,947
137,2,915
137,3,914
137,4,913
137,5,912
137,6,911
137,7,879
137,8,878
137,9,877
137,10,845
137,11,844
137,12,843
137,13,811
137,14,779
137,15,747
137,16,715
137,17,683
137,18,651
137,19,619
137,20,618
137,21,586
137,22,554
137,23,522
137,24,490
137,25,458
137,26,426
137,27,394
137,28,393
137,29,361
137,30,329
137,31,297
137,32,265
137,33,264
137,34,263
138,0,688
138,1,687
138,2,686
138,3,685
138,4,717
139,0,118
139,1,119
139,2,120
139,3,121
139,4,122
139,5,154
139,6,155
139,7,156
139,8,157
139,9,189
139,10,190
139,11,222
139,12,254
139,13,286
139,14,318
139,15,350
139,16,382
139,17,414
139,18,413
139,19,445
139,20,477
139,21,509
139,22,541
139,23,573
139,24,605
139,25,637
139,26,669
139,27,668
139,28,700
139,29,732
139,30,733
139,31,765
139,32,797
139,33,829
139,34,861
139,35,893
139,36,925
139,37,957
139,38,989
139,39,988
139,40,987
139,41,1019
139,42,1018
140,0,626
140,1,627
140,2,628
140,3,596
140,4,564
140,5,532
140,6,533
140,7,534
140,8,535
140,9,536
141,0,318
141,1,350
141,2,382
141,3,414
141,4,413
141,5,412
141,6,444
141,7,476
141,8,475
141,9,507
141,10,539
141,11,571
141,12,570
141,13,602
141,14,601
141,15,633
141,16,632
141,17,631
141,18,630
142,0,377
142,1,376
142,2,408
142,3,440
142,4,439
142,5,438
142,6,437
142,7,436
142,8,468
142,9,467
142,10,466
142,11,498
142,12,497
142,13,529
142,14,561
142,15,560
142,16,592
142,17,624
142,18,623
142,19,622
142,20,654
143,0,837
143,1,869
143,2,901
143,3,933
143,4,965
143,5,966
143,6,967
143,7,999
144,0,803
144,1,804
144,2,805
144,3,837
144,4,838
144,5,839
144,6,840
144,7,841
144,8,842
144,9,843
144,10,844
144,11,812
144,12,780
144,13,748
144,14,716
144,15,717
144,16,685
144,17,653
144,18,621
144,19,589
144,20,590
144,21,558
144,22,559
144,23,527
144,24,528
144,25,496
144,26,497
144,27,498
144,28,466
144,29,434
144,30,402
144,31,370
144,32,338
145,0,711
145,1,710
145,2,678
145,3,646
145,4,645
145,5,613
145,6,612
145,7,580
145,8,548
145,9,516
145,10,484
145,11,483
145,12,482
145,13,450
145,14,449
145,15,417
145,16,385
145,17,353
145,18,352
145,19,320
145,20,288
145,21,256
145,22,224
145,23,225
145,24,193
145,25,161
145,26,129
146,0,335
146,1,334
146,2,333
146,3,332
146,4,331
146,5,299
146,6,267
147,0,548
147,1,580
147,2,612
147,3,613
147,4,645
147,5,646
147,6,647
147,7,648
147,8,649
147,9,650
147,10,651
147,11,652
147,12,653
147,13,654
147,14,655
147,15,656
147,16,657
147,17,658
147,18,659
147,19,660
148,0,315
148,1,316
148,2,348
148,3,380
148,4,412
148,5,444
148,6,443
148,7,475
148,8,507
148,9,506
148,10,538
148,11,570
148,12,602
148,13,601
148,14,600
148,15,599
148,16,598
148,17,630
148,18,629
148,19,661
148,20,660
148,21,659
148,22,658
148,23,657
148,24,656
148,25,655
148,26,654
148,27,686
148,28,685
148,29,684
148,30,683
148,31,715
148,32,714
148,33,713
148,34,712
148,35,744
149,0,719
149,1,751
149,2,783
149,3,815
149,4,814
149,5,813
149,6,845
149,7,844
149,8,876
149,9,908
149,10,940
149,11,939
149,12,938
149,13,970
149,14,969
149,15,968
149,16,967
150,0,69
150,1,101
150,2,102
150,3,134
150,4,166
150,5,167
150,6,168
150,7,200
150,8,201
150,9,202
150,10,203
150,11,204
150,12,205
151,0,856
151,1,857
151,2,889
151,3,921
151,4,922
151,5,923
151,6,924
151,7,956
151,8,957
151,9,958
151,10,990
151,11,991
152,0,475
152,1,443
152,2,444
152,3,412
152,4,413
152,5,381
152,6,349
152,7,350
152,8,351
152,9,319
152,10,287
152,11,255
153,0,944
153,1,945
153,2,946
153,3,914
153,4,882
153,5,850
153,6,818
153,7,786
153,8,754
153,9,755
153,10,723
153,11,691
153,12,692
153,13,693
153,14,694
153,15,662
154,0,721
154,1,689
154,2,657
154,3,658
154,4,659
154,5,660
154,6,661
154,7,662
154,8,630
154,9,598
154,10,566
154,11,534
154,12,502
154,13,470
154,14,438
154,15,406
154,16,374
154,17,342
154,18,310
154,19,278
154,20,246
154,21,214
154,22,215
154,23,183
154,24,151
154,25,119
154,26,87
154,27,55
154,28,23
154,29,24
154,30,25
155,0,699
155,1,731
155,2,730
155,3,762
155,4,794
155,5,826
155,6,825
155,7,857
155,8,856
155,9,855
155,10,854
155,11,886
155,12,885
155,13,884
155,14,883
155,15,882
155,16,881
155,17,880
155,18,879
155,19,878
155,20,910
155,21,942
155,22,941
155,23,940
155,24,939
155,25,971
155,26,970
155,27,969
155,28,1001
155,29,1000
155,30,999
155,31,998
155,32,966
155,33,934
155,34,902
155,35,870
155,36,838
156,0,402
156,1,434
156,2,466
156,3,465
156,4,497
156,5,529
156,6,528
156,7,560
156,8,592
156,9,624
156,10,656
156,11,688
156,12,720
156,13,752
156,14,784
156,15,816
156,16,848
156,17,880
156,18,912
156,19,944
156,20,976
157,0,961
157,1,929
157,2,930
157,3,931
157,4,932
157,5,900
157,6,901
157,7,869
157,8,837
157,9,805
157,10,806
157,11,807
157,12,775
157,13,776
157,14,777
157,15,778
157,16,746
157,17,747
157,18,748
157,19,749
157,20,750
157,21,751
157,22,719
158,0,165
158,1,197
158,2,229
158,3,261
158,4,260
159,0,160
159,1,161
159,2,129
159,3,97
159,4,65
159,5,33
159,6,1
159,7,2
159,8,3
159,9,4
159,10,5
159,11,6
159,12,38
159,13,39
159,14,40
159,15,41
159,16,42
159,17,43
159,18,44
159,19,45
159,20,46
159,21,47
159,22,48
159,23,80
159,24,81
160,0,813
160,1,845
160,2,844
160,3,876
160,4,908
160,5,940
160,6,939
160,7,938
160,8,970
160,9,1002
160,10,1001
161,0,200
161,1,201
161,2,233
161,3,265
161,4,297
161,5,329
161,6,361
161,7,393
161,8,392
162,0,633
162,1,632
162,2,631
162,3,630
162,4,629
162,5,628
162,6,627
162,7,626
162,8,625
162,9,624
162,10,623
162,11,622
162,12,590
162,13,589
162,14,588
162,15,587
162,16,555
162,17,523
162,18,491
162,19,490
162,20,458
162,21,426
162,22,394
162,23,393
162,24,361
162,25,329
162,26,328
162,27,327
162,28,295
163,0,375
163,1,374
163,2,373
163,3,405
163,4,437
163,5,469
163,6,501
163,7,533
163,8,532
163,9,531
163,10,563
163,11,595
163,12,594
163,13,626
163,14,658
163,15,690
163,16,689
163,17,688
163,18,687
163,19,686
163,20,685
164,0,208
164,1,207
164,2,239
164,3,238
164,4,237
164,5,236
164,6,235
164,7,267
164,8,266
164,9,265
164,10,264
164,11,263
164,12,231
164,13,230
164,14,229
165,0,888
165,1,887
165,2,855
165,3,854
165,4,822
165,5,821
165,6,820
165,7,788
165,8,787
165,9,786
165,10,785
165,11,784
165,12,783
165,13,782
165,14,781
165,15,780
165,16,779
165,17,778
165,18,777
165,19,776
165,20,744
165,21,743
166,0,504
166,1,536
166,2,568
166,3,600
166,4,632
166,5,664
166,6,696
166,7,728
166,8,760
166,9,792
166,10,824
166,11,856
166,12,888
166,13,920
166,14,952
167,0,8
167,1,9
167,2,10
167,3,11
167,4,43
167,5,75
167,6,107
167,7,108
167,8,109
167,9,110
167,10,142
167,11,174
167,12,206
167,13,238
167,14,239
167,15,240
167,16,272
167,17,304
167,18,336
167,19,368
167,20,369
167,21,401
167,22,433
167,23,465
167,24,497
167,25,529
167,26,561
167,27,562
167,28,594
167,29,626
167,30,658
167,31,690
167,32,722
167,33,754
167,34,786
167,35,818
167,36,850
167,37,882
167,38,914
167,39,946
168,0,887
168,1,888
168,2,889
168,3,890
168,4,891
168,5,892
168,6,893
168,7,861
168,8,862
168,9,830
168,10,831
168,11,799
168,12,767
168,13,766
168,14,734
168,15,733
168,16,732
168,17,700
168,18,668
168,19,669
168,20,670
168,21,638
168,22,606
169,0,870
169,1,838
169,2,806
169,3,807
169,4,808
169,5,809
169,6,777
169,7,778
169,8,746
169,9,714
169,10,682
169,11,683
169,12,651
169,13,619
169,14,587
169,15,588
169,16,556
169,17,524
169,18,492
169,19,493
169,20,494
169,21,462
169,22,463
169,23,464
169,24,465
169,25,466
169,26,467
169,27,468
170,0,176
170,1,208
170,2,240
170,3,272
170,4,304
170,5,303
170,6,335
170,7,334
170,8,366
170,9,398
170,10,430
170,11,429
170,12,428
170,13,460
170,14,492
170,15,524
170,16,556
170,17,588
170,18,620
170,19,652
170,20,684
170,21,716
170,22,748
170,23,780
170,24,812
170,25,844
170,26,843
170,27,842
170,28,874
170,29,873
170,30,872
170,31,904
170,32,936
170,33,935
170,34,934
170,35,933
170,36,932
170,37,931
170,38,963
170,39,962
170,40,961
170,41,960
170,42,928
171,0,205
171,1,204
171,2,236
171,3,235
171,4,234
171,5,266
171,6,298
171,7,330
171,8,362
171,9,394
171,10,426
171,11,458
171,12,490
171,13,522
171,14,554
171,15,586
171,16,618
171,17,650
171,18,682
171,19,681
171,20,713
171,21,745
171,22,777
171,23,809
171,24,841
171,25,840
171,26,839
171,27,838
171,28,837
171,29,836
171,30,835
172,0,304
172,1,272
172,2,240
172,3,239
172,4,207
172,5,175
172,6,174
172,7,142
172,8,110
172,9,109
173,0,86
173,1,85
173,2,84
173,3,52
173,4,51
173,5,50
173,6,49
173,7,48
173,8,47
173,9,46
173,10,78
174,0,554
174,1,586
174,2,585
174,3,584
174,4,583
174,5,615
174,6,614
174,7,646
174,8,678
174,9,710
174,10,709
174,11,708
174,12,707
174,13,706
174,14,674
174,15,673
174,16,672
174,17,640
174,18,608
175,0,830
175,1,798
175,2,766
175,3,734
175,4,733
175,5,701
175,6,669
175,7,637
175,8,605
175,9,573
175,10,541
175,11,540
175,12,508
175,13,507
175,14,475
175,15,474
175,16,442
175,17,410
175,18,409
175,19,408
175,20,376
175,21,375
175,22,374
175,23,373
175,24,341
175,25,340
175,26,339
175,27,307
176,0,1006
176,1,974
176,2,942
176,3,943
176,4,911
176,5,879
176,6,847
176,7,815
176,8,783
176,9,751
176,10,719
176,11,720
176,12,688
176,13,656
176,14,624
176,15,592
176,16,560
176,17,528
176,18,496
176,19,464
176,20,432
176,21,400
176,22,368
176,23,336
176,24,304
176,25,272
176,26,240
176,27,208
176,28,176
176,29,144
176,30,112
176,31,80
176,32,48
176,33,16
176,34,15
177,0,655
177,1,654
177,2,622
177,3,590
177,4,589
177,5,588
177,6,587
177,7,555
177,8,523
177,9,491
178,0,466
178,1,498
178,2,497
178,3,529
178,4,528
178,5,560
178,6,559
178,7,558
178,8,590
178,9,622
178,10,654
178,11,653
178,12,685
178,13,717
178,14,749
178,15,781
178,16,813
178,17,845
178,18,877
178,19,909
178,20,941
179,0,311
179,1,343
179,2,342
179,3,341
179,4,340
179,5,339
179,6,338
179,7,370
179,8,369
179,9,401
179,10,400
179,11,399
179,12,431
179,13,463
179,14,462
179,15,461
179,16,460
179,17,459
179,18,491
179,19,490
179,20,489
179,21,521
179,22,520
179,23,519
179,24,518
179,25,517
179,26,516
180,0,89
180,1,88
180,2,87
180,3,86
180,4,118
180,5,150
180,6,149
180,7,148
180,8,147
180,9,146
180,10,178
180,11,177
180,12,209
180,13,208
180,14,207
180,15,206
180,16,205
180,17,204
180,18,203
180,19,202
180,20,201
180,21,200
180,22,199
180,23,231
180,24,230
181,0,93
181,1,94
181,2,95
181,3,127
181,4,159
181,5,191
181,6,223
181,7,255
181,8,287
181,9,319
181,10,318
181,11,350
181,12,349
181,13,381
181,14,413
181,15,445
181,16,477
181,17,478
181,18,510
181,19,542
181,20,574
181,21,575
181,22,607
182,0,762
182,1,794
182,2,793
182,3,792
182,4,791
182,5,790
182,6,822
182,7,821
182,8,820
182,9,819
182,10,818
182,11,817
182,12,816
182,13,815
182,14,814
182,15,782
182,16,750
183,0,364
183,1,396
183,2,428
183,3,429
183,4,461
183,5,493
183,6,494
184,0,450
184,1,418
184,2,386
184,3,354
184,4,322
184,5,290
184,6,289
184,7,257
184,8,225
184,9,226
184,10,194
184,11,162
184,12,130
184,13,98
184,14,99
184,15,100
184,16,101
184,17,102
184,18,103
184,19,104
184,20,105
184,21,73
184,22,74
184,23,75
184,24,43
184,25,11
184,26,12
184,27,13
184,28,14
184,29,15
184,30,16
184,31,48
184,32,49
184,33,50
184,34,51
184,35,52
184,36,84
184,37,85
184,38,86
184,39,54
185,0,907
185,1,908
185,2,909
185,3,910
185,4,878
185,5,879
185,6,847
185,7,848
185,8,849
185,9,817
185,10,785
185,11,753
185,12,721
185,13,689
185,14,690
185,15,691
185,16,659
185,17,627
185,18,595
185,19,563
186,0,136
186,1,137
186,2,105
186,3,106
186,4,107
186,5,108
186,6,109
186,7,110
186,8,78
186,9,46
186,10,47
186,11,48
186,12,49
186,13,50
186,14,51
186,15,19
186,16,20
186,17,21
186,18,22
187,0,1005
187,1,973
187,2,974
187,3,942
187,4,943
187,5,944
187,6,945
187,7,913
187,8,881
187,9,849
187,10,817
187,11,785
187,12,753
187,13,754
187,14,722
187,15,690
187,16,658
187,17,626
188,0,124
188,1,156
188,2,188
188,3,220
188,4,252
188,5,284
188,6,316
188,7,348
188,8,347
188,9,379
188,10,378
188,11,377
188,12,409
188,13,408
188,14,407
188,15,439
188,16,471
188,17,470
188,18,502
188,19,501
188,20,533
188,21,532
188,22,564
188,23,596
188,24,628
188,25,660
188,26,692
188,27,724
188,28,723
188,29,755
188,30,787
188,31,819
188,32,851
189,0,812
189,1,811
189,2,810
189,3,809
189,4,808
189,5,807
189,6,806
189,7,805
189,8,804
189,9,772
189,10,771
190,0,368
190,1,367
190,2,335
190,3,303
190,4,302
190,5,301
190,6,269
190,7,237
190,8,236
190,9,235
190,10,234
190,11,233
190,12,201
190,13,200
190,14,168
190,15,167
191,0,167
191,1,199
191,2,200
191,3,201
191,4,202
191,5,203
191,6,171
191,7,172
191,8,173
191,9,174
191,10,175
191,11,176
191,12,177
191,13,178
191,14,179
191,15,147
191,16,148
191,17,149
191,18,150
191,19,151
191,20,183
191,21,184
191,22,185
191,23,186
191,24,187
192,0,444
192,1,443
192,2,442
192,3,474
192,4,473
192,5,505
192,6,537
192,7,569
192,8,568
192,9,567
192,10,566
192,11,598
192,12,630
192,13,629
192,14,661
192,15,693
192,16,692
192,17,691
192,18,690
192,19,722
192,20,721
192,21,753
192,22,752
192,23,751
192,24,783
192,25,782
192,26,814
192,27,813
192,28,845
192,29,844
192,30,843
192,31,842
192,32,841
192,33,873
192,34,905
192,35,904
192,36,903
192,37,902
192,38,901
192,39,900
192,40,868
192,41,867
192,42,866
192,43,865
192,44,864
193,0,585
193,1,617
193,2,649
193,3,681
193,4,713
193,5,745
193,6,777
193,7,809
193,8,841
193,9,873
193,10,905
193,11,906
193,12,938
193,13,970
193,14,1002
193,15,1003
194,0,156
194,1,188
194,2,220
194,3,252
194,4,284
194,5,316
194,6,348
194,7,380
194,8,379
194,9,378
194,10,377
194,11,376
194,12,375
194,13,374
194,14,373
194,15,405
194,16,404
194,17,436
195,0,241
195,1,209
195,2,177
195,3,145
195,4,146
195,5,147
195,6,148
195,7,116
195,8,84
195,9,85
195,10,86
195,11,87
195,12,88
196,0,555
196,1,587
196,2,619
196,3,651
196,4,652
196,5,653
196,6,654
196,7,686
196,8,687
196,9,688
196,10,689
196,11,690
196,12,691
196,13,692
196,14,724
197,0,310
197,1,342
197,2,341
197,3,340
197,4,339
197,5,371
197,6,403
197,7,435
197,8,467
197,9,499
197,10,531
197,11,563
197,12,595
197,13,627
197,14,659
197,15,691
197,16,723
197,17,722
197,18,754
197,19,753
197,20,752
197,21,784
197,22,816
197,23,815
197,24,847
197,25,879
197,26,911
197,27,910
197,28,909
197,29,941
197,30,940
197,31,972
198,0,474
198,1,473
198,2,472
198,3,471
198,4,470
198,5,469
198,6,468
198,7,467
198,8,466
198,9,465
198,10,464
198,11,463
198,12,462
198,13,461
198,14,460
198,15,459
198,16,458
198,17,426
198,18,394
198,19,393
199,0,988
199,1,956
199,2,955
199,3,954
199,4,922
199,5,921
199,6,920
199,7,919
199,8,887
199,9,855
199,10,823
199,11,791
199,12,790
199,13,758
199,14,757
199,15,725
199,16,724
199,17,692
199,18,660
199,19,628
199,20,596
199,21,564
199,22,563
199,23,531
199,24,499
199,25,467
199,26,435
199,27,403
199,28,371
199,29,339
199,30,307
199,31,306
199,32,305
199,33,273
199,34,241
199,35,209
199,36,208
199,37,207
199,38,206
199,39,174
199,40,173
200,0,641
200,1,642
200,2,643
200,3,675
200,4,707
200,5,708
200,6,709
200,7,710
200,8,711
200,9,712
200,10,713
200,11,714
200,12,715
200,13,716
200,14,717
200,15,685
200,16,653
200,17,654
200,18,655
200,19,656
200,20,657
200,21,625
200,22,626
200,23,627
200,24,628
200,25,629
200,26,630
200,27,631
200,28,632
201,0,567
201,1,566
201,2,598
201,3,597
201,4,596
201,5,595
201,6,594
201,7,626
201,8,658
201,9,690
201,10,689
201,11,688
201,12,720
201,13,719
201,14,751
201,15,750
201,16,749
201,17,748
201,18,747
201,19,779
201,20,811
201,21,843
201,22,875
201,23,874
201,24,873
201,25,872
201,26,904
201,27,936
201,28,935
201,29,967
201,30,966
202,0,743
202,1,742
202,2,710
202,3,678
202,4,677
202,5,645
202,6,613
202,7,612
202,8,580
202,9,548
202,10,547
202,11,546
202,12,545
202,13,513
202,14,481
202,15,480
202,16,448
202,17,449
202,18,417
202,19,385
202,20,353
202,21,321
202,22,289
202,23,257
202,24,225
202,25,226
202,26,194
202,27,162
202,28,163
202,29,164
202,30,132
202,31,100
202,32,101
203,0,701
203,1,700
203,2,699
203,3,698
203,4,697
203,5,696
203,6,695
203,7,694
203,8,693
203,9,692
203,10,724
203,11,723
203,12,755
203,13,754
203,14,753
203,15,752
203,16,751
203,17,750
203,18,749
203,19,748
203,20,780
203,21,812
203,22,811
203,23,810
204,0,746
204,1,745
204,2,713
204,3,681
204,4,680
204,5,679
204,6,647
204,7,615
204,8,583
204,9,551
204,10,550
204,11,518
204,12,486
204,13,454
204,14,422
204,15,390
204,16,358
204,17,357
204,18,325
204,19,293
204,20,292
204,21,260
204,22,228
204,23,227
204,24,226
204,25,194
204,26,162
204,27,130
204,28,98
205,0,851
205,1,852
205,2,820
205,3,821
205,4,822
205,5,854
205,6,855
205,7,887
205,8,888
205,9,889
205,10,890
205,11,891
205,12,892
206,0,960
206,1,961
206,2,929
206,3,897
206,4,898
206,5,866
206,6,867
206,7,835
206,8,803
206,9,771
206,10,772
206,11,740
206,12,708
206,13,709
206,14,677
206,15,678
206,16,646
206,17,614
206,18,615
206,19,583
207,0,501
207,1,502
207,2,534
207,3,566
207,4,598
207,5,630
207,6,631
207,7,663
208,0,855
208,1,856
208,2,857
208,3,858
208,4,859
208,5,827
208,6,828
208,7,829
208,8,830
208,9,798
209,0,740
209,1,741
209,2,709
209,3,677
209,4,678
209,5,679
209,6,647
209,7,615
209,8,616
209,9,584
209,10,585
209,11,553
209,12,521
209,13,489
209,14,490
209,15,491
209,16,459
209,17,460
209,18,428
209,19,429
209,20,430
209,21,398
209,22,399
209,23,367
209,24,335
210,0,75
210,1,107
210,2,139
210,3,171
210,4,170
210,5,202
210,6,234
210,7,266
210,8,298
210,9,330
210,10,362
210,11,394
210,12,426
210,13,458
210,14,457
210,15,489
210,16,521
210,17,520
210,18,552
210,19,584
210,20,616
210,21,648
210,22,680
210,23,679
211,0,579
211,1,547
211,2,515
211,3,483
211,4,451
211,5,419
211,6,387
211,7,355
211,8,323
211,9,291
211,10,259
211,11,227
211,12,195
211,13,163
211,14,131
211,15,99
211,16,67
211,17,35
211,18,3
212,0,669
212,1,668
212,2,667
212,3,666
212,4,665
212,5,664
212,6,663
212,7,662
212,8,661
212,9,660
212,10,659
212,11,658
212,12,657
212,13,656
212,14,655
212,15,654
212,16,653
212,17,652
212,18,651
212,19,650
212,20,649
212,21,648
212,22,647
212,23,646
212,24,614
212,25,613
212,26,581
212,27,549
212,28,517
212,29,485
213,0,700
213,1,699
213,2,698
213,3,697
213,4,696
213,5,695
213,6,694
213,7,693
213,8,692
213,9,691
213,10,690
213,11,689
213,12,688
213,13,687
213,14,655
213,15,623
213,16,622
213,17,590
213,18,558
213,19,526
213,20,494
213,21,493
213,22,492
213,23,460
213,24,428
213,25,396
213,26,364
213,27,332
213,28,331
213,29,299
213,30,298
213,31,266
214,0,313
214,1,312
214,2,311
214,3,310
214,4,309
214,5,308
214,6,307
214,7,339
214,8,371
214,9,370
214,10,402
214,11,401
214,12,400
214,13,399
214,14,398
214,15,430
214,16,429
214,17,461
214,18,493
214,19,492
214,20,524
215,0,229
215,1,230
215,2,231
215,3,199
215,4,167
215,5,135
215,6,136
215,7,137
215,8,138
215,9,139
215,10,140
216,0,779
216,1,747
216,2,715
216,3,683
216,4,684
216,5,685
216,6,686
216,7,654
216,8,655
216,9,656
216,10,657
216,11,658
216,12,659
216,13,627
216,14,595
216,15,563
216,16,564
216,17,565
216,18,566
216,19,534
216,20,502
216,21,503
216,22,471
216,23,472
216,24,473
216,25,474
216,26,475
216,27,443
216,28,444
216,29,412
216,30,380
216,31,348
216,32,316
216,33,284
216,34,252
216,35,220
216,36,188
217,0,240
217,1,241
217,2,273
217,3,305
217,4,306
217,5,338
217,6,339
217,7,340
217,8,341
217,9,373
217,10,374
217,11,406
218,0,958
218,1,926
218,2,925
218,3,893
218,4,861
218,5,829
218,6,797
218,7,765
218,8,733
218,9,701
218,10,669
218,11,637
218,12,605
218,13,573
218,14,541
218,15,509
218,16,477
218,17,445
218,18,413
218,19,381
218,20,349
218,21,317
218,22,285
218,23,284
218,24,283
218,25,251
219,0,771
219,1,772
219,2,740
219,3,741
219,4,742
219,5,743
219,6,744
219,7,745
219,8,713
219,9,681
219,10,649
219,11,617
219,12,585
219,13,553
219,14,521
219,15,489
219,16,490
219,17,491
219,18,492
219,19,493
219,20,461
219,21,462
219,22,463
219,23,431
219,24,399
219,25,367
219,26,335
219,27,303
219,28,304
219,29,305
219,30,273
219,31,241
219,32,242
219,33,243
219,34,244
219,35,245
219,36,246
220,0,909
220,1,908
220,2,907
220,3,906
220,4,874
220,5,842
220,6,841
220,7,840
220,8,808
220,9,776
220,10,775
220,11,743
220,12,711
220,13,679
220,14,647
220,15,615
220,16,614
220,17,613
221,0,305
221,1,304
221,2,303
221,3,302
221,4,301
221,5,333
221,6,332
221,7,364
221,8,363
221,9,362
221,10,361
221,11,393
221,12,392
221,13,424
221,14,423
221,15,422
221,16,421
221,17,420
221,18,419
221,19,451
221,20,450
221,21,482
221,22,514
221,23,546
221,24,578
221,25,610
221,26,642
222,0,574
222,1,606
222,2,605
222,3,604
222,4,603
222,5,602
222,6,601
222,7,600
222,8,599
222,9,598
222,10,597
222,11,596
222,12,595
222,13,594
222,14,626
222,15,625
222,16,624
222,17,623
222,18,622
222,19,621
222,20,620
222,21,619
222,22,618
222,23,617
222,24,616
222,25,615
222,26,583
222,27,551
222,28,519
222,29,518
222,30,517
223,0,538
223,1,537
223,2,505
223,3,473
223,4,441
223,5,409
223,6,377
223,7,345
223,8,313
223,9,281
223,10,249
223,11,217
223,12,216
223,13,184
224,0,992
224,1,993
224,2,994
224,3,962
224,4,963
224,5,931
224,6,932
224,7,933
224,8,934
224,9,935
224,10,903
224,11,904
224,12,872
224,13,873
224,14,841
224,15,809
224,16,777
224,17,745
224,18,713
224,19,681
224,20,649
224,21,617
224,22,618
224,23,586
224,24,554
224,25,555
224,26,556
224,27,524
224,28,492
224,29,460
224,30,428
224,31,429
224,32,430
224,33,431
224,34,432
224,35,400
224,36,368
224,37,336
224,38,304
224,39,272
224,40,273
224,41,241
224,42,242
224,43,210
224,44,178
224,45,179
224,46,147
224,47,148
225,0,317
225,1,316
225,2,315
225,3,347
225,4,346
225,5,345
225,6,313
225,7,312
225,8,311
225,9,310
225,10,309
225,11,308
225,12,307
225,13,306
225,14,305
225,15,304
225,16,303
225,17,302
225,18,301
225,19,333
225,20,332
225,21,331
225,22,330
225,23,329
225,24,328
225,25,327
225,26,295
225,27,294
226,0,236
226,1,237
226,2,269
226,3,301
226,4,302
226,5,334
226,6,335
226,7,336
226,8,368
226,9,400
226,10,432
226,11,464
226,12,496
226,13,528
226,14,560
226,15,592
226,16,624
226,17,656
226,18,657
227,0,289
227,1,290
227,2,322
227,3,323
227,4,324
227,5,325
227,6,326
227,7,327
227,8,328
227,9,329
227,10,361
227,11,393
227,12,394
227,13,426
227,14,458
227,15,490
228,0,510
228,1,509
228,2,508
228,3,507
228,4,506
228,5,505
228,6,504
228,7,503
228,8,502
228,9,501
228,10,469
228,11,468
228,12,467
228,13,466
228,14,465
228,15,464
228,16,463
228,17,462
228,18,461
228,19,460
228,20,459
229,0,629
229,1,630
229,2,598
229,3,566
229,4,534
229,5,502
229,6,470
229,7,438
229,8,406
229,9,407
229,10,408
229,11,376
229,12,344
229,13,345
230,0,417
230,1,449
230,2,481
230,3,482
230,4,514
230,5,515
230,6,547
230,7,579
230,8,580
230,9,581
230,10,613
230,11,614
230,12,646
230,13,647
230,14,648
230,15,680
230,16,712
230,17,744
230,18,776
230,19,808
230,20,840
230,21,841
230,22,842
230,23,843
230,24,844
230,25,876
230,26,908
230,27,909
230,28,910
230,29,911
230,30,943
230,31,944
231,0,110
231,1,142
231,2,174
231,3,206
231,4,238
231,5,239
231,6,240
231,7,272
231,8,273
231,9,274
231,10,306
231,11,338
231,12,370
231,13,402
231,14,403
231,15,404
231,16,436
231,17,468
231,18,469
231,19,470
231,20,502
231,21,534
231,22,566
231,23,598
231,24,599
231,25,631
231,26,663
231,27,695
232,0,940
232,1,941
232,2,942
232,3,943
232,4,944
232,5,976
232,6,977
232,7,978
232,8,979
232,9,980
232,10,981
232,11,982
232,12,983
232,13,984
232,14,985
232,15,986
232,16,987
232,17,988
232,18,989
232,19,990
232,20,958
232,21,926
232,22,894
232,23,862
232,24,830
232,25,798
232,26,766
232,27,765
232,28,733
232,29,701
232,30,669
232,31,637
232,32,638
232,33,606
232,34,574
232,35,542
232,36,510
232,37,511
233,0,132
233,1,133
233,2,134
233,3,135
233,4,136
233,5,137
233,6,138
233,7,139
233,8,140
233,9,172
233,10,204
233,11,236
233,12,237
233,13,269
233,14,301
233,15,333
233,16,334
233,17,366
233,18,367
233,19,368
233,20,369
233,21,401
233,22,433
233,23,434
234,0,842
234,1,810
234,2,811
234,3,779
234,4,747
234,5,715
234,6,716
234,7,684
234,8,652
234,9,620
234,10,588
234,11,589
234,12,557
234,13,525
234,14,493
234,15,461
234,16,462
234,17,430
234,18,431
234,19,432
234,20,433
234,21,434
234,22,435
234,23,436
234,24,437
234,25,438
235,0,927
235,1,926
235,2,925
235,3,924
235,4,923
235,5,922
235,6,921
235,7,920
235,8,919
235,9,887
235,10,886
235,11,885
235,12,884
235,13,852
235,14,851
235,15,850
235,16,849
235,17,848
235,18,847
235,19,815
235,20,814
235,21,813
235,22,812
235,23,811
235,24,810
235,25,809
235,26,808
235,27,807
235,28,806
235,29,805
236,0,891
236,1,859
236,2,858
236,3,857
236,4,856
236,5,855
236,6,854
236,7,822
236,8,790
236,9,758
236,10,757
236,11,725
236,12,693
236,13,661
236,14,629
236,15,628
236,16,596
236,17,595
236,18,594
236,19,562
236,20,561
237,0,924
237,1,925
237,2,893
237,3,861
237,4,829
237,5,797
237,6,765
237,7,733
237,8,701
237,9,669
237,10,637
237,11,605
237,12,573
237,13,541
237,14,509
237,15,477
237,16,445
237,17,413
237,18,414
237,19,382
237,20,350
237,21,318
237,22,286
237,23,254
237,24,222
237,25,190
237,26,158
237,27,126
237,28,94
237,29,62
237,30,30
238,0,464
238,1,465
238,2,433
238,3,434
238,4,435
238,5,403
238,6,404
238,7,405
238,8,406
238,9,374
238,10,342
238,11,310
238,12,311
238,13,279
238,14,280
238,15,281
238,16,249
238,17,250
238,18,218
238,19,186
238,20,154
238,21,122
239,0,957
239,1,925
239,2,893
239,3,861
239,4,829
239,5,828
239,6,796
239,7,795
239,8,763
239,9,762
239,10,730
239,11,698
239,12,666
239,13,665
239,14,633
239,15,601
239,16,569
239,17,537
239,18,505
239,19,473
239,20,441
239,21,409
239,22,377
239,23,345
239,24,313
239,25,281
240,0,511
240,1,510
240,2,542
240,3,574
240,4,575
240,5,607
240,6,639
240,7,671
240,8,670
240,9,669
240,10,668
240,11,700
240,12,732
240,13,731
240,14,763
240,15,795
240,16,827
240,17,859
240,18,891
240,19,923
240,20,955
241,0,261
241,1,293
241,2,325
241,3,357
241,4,358
241,5,390
241,6,422
241,7,454
241,8,486
241,9,518
241,10,550
241,11,551
241,12,583
241,13,615
241,14,647
241,15,679
241,16,711
241,17,743
241,18,775
241,19,807
241,20,806
241,21,838
241,22,870
241,23,902
241,24,934
242,0,40
242,1,41
242,2,73
242,3,74
242,4,75
242,5,76
242,6,108
242,7,140
242,8,141
242,9,142
242,10,174
242,11,175
242,12,176
242,13,177
242,14,178
242,15,179
242,16,211
242,17,243
242,18,244
242,19,245
242,20,246
242,21,278
242,22,310
242,23,342
242,24,343
242,25,375
242,26,407
242,27,439
242,28,471
242,29,503
242,30,535
242,31,567
242,32,599
242,33,631
242,34,663
242,35,695
242,36,727
242,37,728
242,38,760
242,39,792
242,40,824
243,0,324
243,1,292
243,2,293
243,3,294
243,4,295
243,5,263
243,6,264
243,7,265
243,8,266
243,9,234
243,10,202
243,11,170
243,12,171
243,13,139
243,14,140
243,15,108
243,16,109
243,17,77
243,18,45
243,19,46
243,20,47
243,21,48
244,0,581
244,1,613
244,2,614
244,3,615
244,4,647
244,5,648
244,6,649
244,7,681
244,8,682
244,9,683
244,10,715
244,11,716
244,12,748
244,13,749
244,14,750
244,15,782
244,16,783
244,17,784
244,18,785
245,0,1017
245,1,985
245,2,953
245,3,952
245,4,920
245,5,919
245,6,887
245,7,886
245,8,885
245,9,884
245,10,883
245,11,882
245,12,881
245,13,880
245,14,879
245,15,878
245,16,877
245,17,876
245,18,875
245,19,843
245,20,842
245,21,841
245,22,840
245,23,839
245,24,838
245,25,837
245,26,805
245,27,804
245,28,772
245,29,771
245,30,739
245,31,707
245,32,675
245,33,674
245,34,642
245,35,610
245,36,578
245,37,546
245,38,545
245,39,513
245,40,481
245,41,449
245,42,417
246,0,6
246,1,5
246,2,4
246,3,36
246,4,68
246,5,100
246,6,99
246,7,131
246,8,163
246,9,195
246,10,227
246,11,259
246,12,291
246,13,290
246,14,322
246,15,354
246,16,386
246,17,418
246,18,450
246,19,482
246,20,514
246,21,546
246,22,547
246,23,548
246,24,580
246,25,612
246,26,613
246,27,614
246,28,646
246,29,678
246,30,679
246,31,680
246,32,681
246,33,713
246,34,714
246,35,715
247,0,834
247,1,835
247,2,836
247,3,837
247,4,838
247,5,839
247,6,840
247,7,841
247,8,842
247,9,843
247,10,811
247,11,812
247,12,813
247,13,814
247,14,815
247,15,816
247,16,817
247,17,818
247,18,819
247,19,820
247,20,821
248,0,562
248,1,561
248,2,529
248,3,528
248,4,527
248,5,526
248,6,525
248,7,524
248,8,523
248,9,522
248,10,521
248,11,520
248,12,519
248,13,487
248,14,486
248,15,485
248,16,484
248,17,483
248,18,482
248,19,450
248,20,418
248,21,386
248,22,354
248,23,322
248,24,290
248,25,291
248,26,259
248,27,227
248,28,195
248,29,163
248,30,131
249,0,278
249,1,277
249,2,276
249,3,244
249,4,212
249,5,211
249,6,210
249,7,209
249,8,177
249,9,176
249,10,175
249,11,174
249,12,142
249,13,141
249,14,109
249,15,108
249,16,107
249,17,106
249,18,105
249,19,104
249,20,103
249,21,102
249,22,101
249,23,100
249,24,68
250,0,177
250,1,209
250,2,241
250,3,273
250,4,305
250,5,304
250,6,336
250,7,335
250,8,367
250,9,399
250,10,431
250,11,463
250,12,462
250,13,494
250,14,493
250,15,525
250,16,557
250,17,589
250,18,621
250,19,653
250,20,685
250,21,717
250,22,749
250,23,781
251,0,379
251,1,380
251,2,412
251,3,444
251,4,476
251,5,508
251,6,509
251,7,541
251,8,573
251,9,605
251,10,637
251,11,669
251,12,701
251,13,733
251,14,765
251,15,797
251,16,829
251,17,861
252,0,173
252,1,205
252,2,237
252,3,269
252,4,301
252,5,302
252,6,334
252,7,366
252,8,398
252,9,399
252,10,400
252,11,401
252,12,402
252,13,434
252,14,466
252,15,498
252,16,499
252,17,531
252,18,532
252,19,564
252,20,596
252,21,628
252,22,660
252,23,692
252,24,693
252,25,725
252,26,757
252,27,758
253,0,344
253,1,345
253,2,346
253,3,347
253,4,348
253,5,349
253,6,317
254,0,204
254,1,203
254,2,235
254,3,267
254,4,266
254,5,298
254,6,330
254,7,362
254,8,394
254,9,426
254,10,458
254,11,459
254,12,491
254,13,523
254,14,555
254,15,587
254,16,588
254,17,620
255,0,785
255,1,786
255,2,787
255,3,788
255,4,820
255,5,821
255,6,822
255,7,823
255,8,824
255,9,825
255,10,793
255,11,794
255,12,795
255,13,796
255,14,797
256,0,616
256,1,617
256,2,649
256,3,650
256,4,682
256,5,714
256,6,746
256,7,778
256,8,810
256,9,842
256,10,874
256,11,906
256,12,907
257,0,45
257,1,77
257,2,109
257,3,141
257,4,173
257,5,205
257,6,237
257,7,269
257,8,301
257,9,302
257,10,303
257,11,335
257,12,336
257,13,368
257,14,400
257,15,432
257,16,464
257,17,496
257,18,528
257,19,560
257,20,592
257,21,624
257,22,656
257,23,688
257,24,720
257,25,752
257,26,784
257,27,816
257,28,848
257,29,880
257,30,912
257,31,944
257,32,976
257,33,1008
257,34,1007
258,0,796
258,1,795
258,2,763
258,3,762
258,4,730
258,5,698
258,6,697
258,7,665
258,8,633
258,9,632
258,10,600
258,11,568
258,12,536
258,13,504
258,14,472
258,15,471
258,16,439
258,17,407
258,18,406
258,19,374
258,20,342
259,0,23
259,1,55
259,2,54
259,3,86
259,4,118
259,5,117
259,6,116
259,7,115
259,8,114
259,9,146
259,10,178
259,11,210
259,12,242
259,13,274
259,14,306
259,15,338
259,16,370
259,17,369
259,18,401
259,19,433
259,20,432
259,21,431
259,22,430
259,23,462
259,24,494
259,25,493
259,26,525
259,27,557
259,28,589
259,29,621
259,30,653
259,31,652
259,32,684
259,33,716
259,34,715
259,35,747
259,36,779
259,37,811
259,38,843
259,39,875
259,40,907
259,41,906
259,42,905
259,43,904
259,44,936
259,45,935
259,46,934
259,47,933
259,48,932
259,49,931
259,50,930
259,51,962
259,52,994
259,53,993
259,54,992
260,0,0
260,1,32
260,2,64
260,3,65
260,4,66
260,5,67
260,6,68
260,7,69
260,8,70
260,9,102
260,10,103
260,11,135
260,12,136
261,0,38
261,1,39
261,2,40
261,3,41
261,4,42
261,5,43
261,6,44
261,7,45
261,8,46
261,9,47
261,10,48
261,11,80
261,12,81
261,13,113
261,14,114
261,15,115
261,16,116
261,17,117
261,18,118
261,19,119
261,20,120
261,21,121
261,22,153
261,23,154
261,24,155
261,25,156
261,26,157
261,27,158
261,28,159
261,29,191
261,30,223
261,31,255
261,32,287
261,33,319
262,0,556
262,1,588
262,2,587
262,3,586
262,4,585
263,0,386
263,1,387
263,2,388
263,3,420
263,4,421
263,5,453
263,6,485
263,7,486
263,8,487
263,9,519
263,10,520
263,11,521
263,12,522
263,13,523
263,14,524
263,15,525
263,16,526
263,17,527
263,18,528
263,19,529
263,20,497
263,21,498
263,22,499
263,23,467
264,0,935
264,1,936
264,2,968
264,3,1000
264,4,1001
264,5,1002
264,6,1003
264,7,1004
264,8,972
264,9,973
264,10,974
264,11,942
264,12,943
264,13,911
264,14,912
264,15,913
264,16,914
264,17,915
264,18,883
264,19,851
264,20,819
264,21,787
264,22,755
264,23,723
264,24,724
264,25,725
264,26,693
264,27,694
264,28,662
264,29,630
264,30,598
264,31,566
264,32,534
264,33,502
264,34,470
264,35,438
264,36,406
264,37,374
264,38,375
264,39,376
264,40,377
264,41,378
264,42,346
264,43,347
264,44,315
264,45,316
264,46,284
264,47,252
264,48,220
264,49,188
264,50,156
264,51,124
264,52,92
264,53,91
265,0,43
265,1,44
265,2,45
265,3,46
265,4,47
265,5,48
265,6,80
265,7,112
265,8,144
265,9,145
265,10,146
265,11,147
265,12,148
265,13,149
265,14,181
265,15,213
265,16,245
265,17,277
265,18,278
265,19,279
265,20,280
265,21,312
265,22,313
265,23,345
265,24,346
265,25,378
265,26,410
266,0,766
266,1,765
266,2,733
266,3,701
266,4,669
266,5,670
266,6,671
266,7,639
266,8,607
266,9,575
266,10,574
266,11,573
266,12,541
266,13,540
266,14,508
266,15,476
266,16,444
266,17,412
266,18,380
266,19,348
266,20,316
266,21,315
266,22,283
266,23,251
266,24,219
266,25,187
266,26,186
266,27,185
266,28,153
266,29,121
266,30,89
266,31,88
266,32,56
266,33,24
267,0,664
267,1,663
267,2,662
267,3,661
267,4,660
267,5,659
267,6,658
267,7,657
267,8,689
267,9,721
267,10,753
267,11,752
268,0,517
268,1,485
268,2,453
268,3,454
268,4,422
268,5,423
268,6,424
268,7,392
268,8,393
268,9,361
268,10,329
268,11,297
268,12,298
268,13,299
268,14,267
268,15,235
268,16,236
268,17,204
268,18,205
268,19,206
268,20,207
268,21,175
268,22,176
268,23,177
268,24,178
268,25,146
268,26,147
268,27,148
268,28,149
268,29,150
268,30,151
269,0,859
269,1,827
269,2,795
269,3,763
269,4,731
269,5,699
269,6,667
269,7,635
269,8,603
269,9,571
269,10,570
269,11,538
269,12,506
269,13,474
269,14,473
269,15,472
269,16,440
269,17,408
269,18,376
269,19,344
269,20,343
269,21,311
269,22,310
269,23,278
269,24,277
269,25,245
269,26,213
269,27,181
269,28,149
269,29,148
269,30,147
269,31,146
269,32,145
269,33,113
269,34,112
269,35,80
269,36,48
269,37,47
269,38,46
269,39,78
269,40,77
269,41,76
269,42,75
269,43,74
269,44,73
269,45,41
269,46,40
269,47,39
270,0,250
270,1,249
270,2,281
270,3,280
270,4,279
270,5,311
270,6,310
270,7,309
270,8,308
270,9,307
270,10,306
270,11,305
270,12,304
270,13,303
271,0,473
271,1,472
271,2,471
271,3,439
271,4,438
271,5,437
271,6,436
271,7,435
271,8,434
271,9,433
271,10,432
271,11,431
271,12,399
271,13,367
271,14,366
271,15,334
271,16,333
271,17,332
271,18,331
271,19,330
271,20,329
271,21,328
271,22,327
271,23,326
271,24,325
271,25,324
271,26,323
271,27,322
271,28,321
271,29,320
271,30,288
271,31,256
271,32,224
272,0,96
272,1,97
272,2,129
272,3,161
272,4,193
272,5,225
272,6,257
272,7,289
272,8,321
272,9,353
272,10,354
272,11,386
272,12,418
273,0,494
273,1,462
273,2,463
273,3,464
273,4,465
273,5,466
273,6,434
273,7,402
273,8,370
273,9,338
273,10,339
273,11,340
274,0,826
274,1,825
274,2,824
274,3,823
274,4,822
274,5,821
274,6,820
274,7,819
274,8,818
274,9,817
274,10,816
274,11,815
274,12,814
274,13,782
274,14,781
274,15,780
274,16,748
274,17,747
274,18,746
274,19,745
274,20,744
274,21,743
274,22,742
274,23,710
275,0,820
275,1,819
275,2,818
275,3,817
275,4,816
275,5,815
275,6,783
275,7,751
275,8,719
275,9,687
275,10,655
275,11,623
276,0,675
276,1,707
276,2,739
276,3,771
276,4,803
277,0,59
277,1,91
277,2,123
277,3,122
277,4,121
277,5,120
277,6,88
277,7,56
277,8,24
277,9,23
277,10,22
277,11,21
277,12,20
277,13,19
277,14,51
277,15,50
277,16,49
277,17,48
277,18,47
277,19,46
277,20,78
277,21,77
277,22,76
277,23,75
277,24,107
277,25,106
277,26,105
277,27,104
277,28,103
277,29,102
277,30,101
277,31,100
278,0,217
278,1,216
278,2,184
278,3,183
278,4,151
278,5,150
278,6,118
278,7,117
278,8,116
278,9,115
278,10,114
278,11,113
278,12,112
278,13,144
278,14,176
278,15,175
278,16,174
278,17,173
278,18,172
278,19,140
278,20,139
278,21,138
278,22,137
278,23,136
278,24,135
278,25,134
278,26,102
278,27,101
278,28,100
278,29,99
279,0,214
279,1,246
279,2,278
279,3,310
279,4,342
279,5,374
279,6,373
279,7,405
279,8,437
279,9,469
279,10,501
279,11,533
279,12,532
279,13,564
279,14,596
279,15,595
279,16,627
279,17,659
279,18,691
279,19,723
279,20,755
279,21,787
279,22,819
279,23,851
279,24,883
279,25,915
279,26,916
280,0,653
280,1,685
280,2,717
280,3,749
280,4,781
280,5,813
280,6,845
280,7,877
280,8,909
280,9,941
280,10,973
281,0,999
281,1,967
281,2,968
281,3,969
281,4,970
281,5,938
281,6,939
281,7,940
281,8,941
281,9,942
281,10,910
281,11,911
281,12,879
281,13,880
281,14,848
281,15,849
281,16,817
281,17,785
281,18,753
281,19,754
281,20,722
281,21,723
281,22,724
281,23,725
281,24,693
281,25,694
281,26,695
281,27,696
281,28,664
281,29,632
281,30,633
281,31,601
281,32,602
281,33,570
281,34,538
281,35,506
281,36,474
282,0,525
282,1,524
282,2,523
282,3,522
282,4,554
282,5,586
282,6,618
282,7,650
282,8,649
282,9,648
282,10,647
282,11,646
282,12,678
282,13,677
282,14,709
282,15,708
282,16,707
282,17,706
282,18,705
282,19,673
282,20,672
283,0,608
283,1,609
283,2,610
283,3,578
283,4,579
283,5,580
283,6,548
283,7,549
283,8,550
283,9,551
283,10,552
283,11,553
283,12,554
283,13,522
283,14,523
283,15,524
283,16,525
283,17,526
283,18,494
283,19,462
283,20,463
283,21,464
283,22,432
283,23,433
283,24,434
283,25,435
283,26,436
283,27,437
283,28,438
283,29,439
283,30,407
283,31,408
283,32,376
283,33,344
284,0,238
284,1,237
284,2,236
284,3,235
284,4,267
284,5,299
284,6,298
284,7,330
284,8,362
284,9,394
284,10,426
284,11,458
284,12,457
284,13,489
284,14,521
284,15,553
284,16,585
284,17,617
284,18,649
284,19,681
284,20,713
284,21,712
284,22,711
284,23,743
284,24,775
284,25,807
284,26,839
284,27,838
284,28,870
285,0,881
285,1,880
285,2,879
285,3,878
285,4,877
285,5,845
285,6,813
285,7,781
285,8,749
285,9,717
285,10,716
285,11,715
285,12,714
285,13,682
285,14,681
285,15,649
285,16,648
286,0,631
286,1,632
286,2,600
286,3,568
286,4,569
286,5,537
286,6,505
286,7,506
286,8,474
286,9,442
286,10,410
286,11,378
286,12,379
286,13,380
286,14,381
286,15,349
286,16,317
286,17,285
286,18,253
286,19,221
286,20,189
287,0,1012
287,1,1013
287,2,1014
287,3,982
287,4,983
287,5,951
287,6,952
287,7,953
287,8,954
287,9,955
287,10,923
287,11,891
287,12,859
287,13,827
287,14,795
287,15,763
287,16,731
287,17,699
287,18,667
287,19,635
287,20,603
287,21,571
287,22,539
287,23,507
287,24,475
288,0,381
288,1,380
288,2,379
288,3,347
288,4,346
288,5,345
288,6,344
288,7,312
288,8,311
288,9,279
288,10,278
288,11,246
288,12,245
288,13,244
288,14,212
288,15,211
288,16,179
288,17,147
289,0,295
289,1,294
289,2,293
289,3,261
289,4,229
289,5,197
289,6,165
289,7,133
289,8,132
289,9,100
289,10,99
289,11,98
289,12,97
289,13,96
289,14,64
289,15,32
289,16,0
290,0,470
290,1,469
290,2,437
290,3,405
290,4,373
290,5,341
290,6,309
290,7,277
290,8,245
290,9,213
290,10,181
290,11,149
290,12,150
290,13,118
290,14,86
290,15,54
290,16,55
290,17,56
291,0,60
291,1,92
291,2,124
291,3,123
291,4,155
291,5,154
291,6,153
291,7,185
291,8,184
291,9,216
291,10,215
291,11,214
291,12,246
291,13,245
291,14,244
291,15,276
291,16,308
291,17,340
291,18,339
291,19,371
291,20,403
291,21,435
291,22,467
291,23,499
291,24,531
291,25,563
291,26,595
291,27,594
291,28,626
291,29,625
291,30,657
291,31,656
291,32,655
291,33,687
291,34,686
291,35,685
291,36,684
291,37,683
291,38,682
291,39,681
291,40,680
291,41,679
291,42,711
291,43,710
291,44,709
291,45,708
291,46,707
291,47,675
291,48,643
292,0,254
292,1,286
292,2,318
292,3,350
292,4,382
292,5,414
292,6,413
292,7,445
292,8,477
292,9,509
292,10,541
292,11,573
292,12,605
292,13,637
292,14,669
292,15,701
292,16,733
292,17,765
292,18,797
292,19,829
292,20,861
292,21,893
292,22,892
292,23,924
292,24,956
292,25,955
292,26,954
292,27,953
292,28,952
292,29,951
292,30,983
292,31,982
292,32,1014
292,33,1013
292,34,1012
292,35,1011
292,36,1010
292,37,1009
292,38,1008
292,39,1007
292,40,1006
292,41,974
292,42,973
292,43,972
292,44,971
292,45,970
292,46,969
292,47,968
292,48,967
292,49,966
292,50,965
293,0,183
293,1,215
293,2,214
293,3,213
293,4,212
293,5,211
293,6,243
293,7,242
293,8,274
293,9,273
293,10,305
293,11,304
293,12,303
293,13,302
293,14,301
293,15,333
293,16,332
293,17,364
293,18,363
293,19,362
293,20,361
293,21,393
293,22,392
293,23,424
293,24,423
293,25,422
293,26,454
294,0,923
294,1,922
294,2,890
294,3,858
294,4,826
294,5,794
294,6,762
294,7,730
294,8,698
294,9,666
294,10,665
294,11,664
294,12,632
294,13,600
294,14,568
294,15,536
294,16,504
294,17,472
295,0,531
295,1,563
295,2,595
295,3,594
295,4,626
295,5,658
295,6,690
295,7,689
295,8,688
295,9,687
295,10,686
295,11,685
295,12,684
295,13,683
295,14,715
295,15,714
295,16,746
295,17,745
295,18,777
295,19,809
295,20,808
295,21,807
295,22,806
295,23,805
295,24,837
295,25,836
295,26,835
295,27,834
295,28,866
295,29,898
295,30,897
295,31,929
296,0,757
296,1,725
296,2,693
296,3,661
296,4,629
296,5,597
296,6,598
296,7,599
296,8,567
296,9,535
296,10,503
296,11,504
296,12,505
296,13,473
296,14,441
296,15,442
296,16,410
296,17,378
296,18,379
296,19,347
296,20,348
296,21,316
296,22,284
296,23,252
296,24,220
296,25,188
296,26,156
296,27,124
296,28,92
296,29,93
296,30,61
296,31,29
297,0,485
297,1,486
297,2,487
297,3,519
297,4,551
297,5,583
297,6,584
297,7,585
297,8,586
297,9,618
297,10,619
297,11,620
297,12,621
297,13,622
297,14,623
297,15,624
297,16,625
297,17,626
297,18,627
297,19,628
297,20,629
297,21,630
297,22,631
297,23,599
297,24,600
297,25,601
297,26,602
297,27,603
298,0,825
298,1,793
298,2,792
298,3,760
298,4,728
298,5,696
298,6,664
298,7,632
298,8,600
298,9,568
298,10,536
298,11,504
298,12,472
298,13,440
298,14,408
298,15,376
298,16,344
298,17,312
298,18,311
298,19,310
298,20,309
298,21,308
298,22,307
298,23,306
298,24,274
298,25,273
298,26,272
299,0,239
299,1,207
299,2,208
299,3,209
299,4,210
299,5,211
299,6,212
299,7,213
299,8,214
299,9,215
299,10,216
299,11,217
299,12,218
299,13,219
299,14,251
299,15,252
299,16,284
299,17,285
300,0,294
300,1,326
300,2,358
300,3,390
300,4,422
300,5,454
300,6,486
300,7,518
300,8,519
300,9,520
300,10,552
300,11,584
300,12,616
300,13,648
300,14,680
300,15,712
300,16,744
300,17,776
300,18,808
300,19,809
300,20,810
300,21,811
300,22,812
300,23,813
300,24,814
300,25,815
300,26,847
300,27,848
300,28,849
300,29,881
301,0,212
301,1,244
301,2,276
301,3,308
301,4,307
301,5,339
301,6,371
301,7,370
301,8,402
301,9,401
301,10,433
301,11,465
301,12,497
301,13,496
301,14,528
301,15,527
301,16,526
301,17,525
302,0,84
302,1,85
302,2,117
302,3,149
302,4,181
302,5,213
302,6,245
302,7,277
302,8,309
302,9,310
302,10,342
302,11,374
302,12,406
302,13,438
302,14,470
302,15,471
302,16,503
302,17,535
302,18,567
302,19,599
302,20,600
302,21,632
302,22,633
302,23,665
302,24,697
302,25,698
302,26,699
302,27,700
302,28,732
302,29,733
302,30,734
302,31,766
302,32,798
302,33,830
302,34,862
302,35,894
302,36,895
303,0,925
303,1,924
303,2,923
303,3,891
303,4,890
303,5,858
303,6,826
303,7,794
303,8,762
303,9,730
303,10,698
303,11,697
303,12,696
303,13,695
303,14,663
303,15,662
303,16,630
303,17,598
303,18,597
303,19,596
303,20,564
303,21,532
303,22,531
303,23,499
303,24,498
303,25,466
303,26,465
303,27,464
303,28,432
303,29,431
303,30,430
303,31,429
303,32,428
303,33,396
303,34,364
303,35,363
303,36,331
303,37,330
303,38,298
303,39,297
304,0,507
304,1,506
304,2,505
304,3,504
304,4,503
304,5,502
304,6,470
304,7,469
304,8,437
304,9,436
304,10,404
304,11,403
304,12,402
304,13,401
304,14,400
304,15,399
304,16,398
304,17,366
304,18,334
304,19,302
304,20,301
304,21,269
304,22,237
304,23,205
304,24,173
304,25,141
304,26,140
304,27,108
304,28,107
304,29,106
304,30,105
304,31,104
304,32,103
304,33,102
304,34,70
304,35,69
304,36,68
304,37,67
304,38,66
304,39,34
304,40,33
305,0,801
305,1,802
305,2,803
305,3,835
305,4,867
305,5,868
305,6,869
305,7,870
305,8,902
305,9,903
305,10,904
305,11,872
306,0,905
306,1,906
306,2,907
306,3,908
306,4,909
306,5,910
306,6,911
306,7,912
306,8,913
306,9,914
306,10,915
306,11,916
306,12,884
306,13,885
306,14,886
306,15,854
306,16,855
306,17,823
306,18,791
306,19,792
306,20,760
306,21,728
307,0,191
307,1,223
307,2,255
307,3,287
307,4,319
307,5,351
307,6,350
307,7,349
307,8,381
307,9,380
307,10,412
307,11,444
307,12,476
307,13,508
307,14,540
307,15,539
307,16,538
307,17,537
307,18,536
307,19,535
307,20,534
307,21,533
307,22,532
307,23,564
307,24,563
307,25,562
307,26,561
307,27,560
307,28,559
307,29,558
307,30,557
307,31,556
307,32,555
308,0,390
308,1,422
308,2,454
308,3,486
308,4,518
308,5,519
308,6,551
308,7,552
308,8,584
308,9,585
308,10,586
308,11,587
308,12,588
308,13,589
308,14,590
308,15,622
308,16,623
308,17,655
308,18,656
308,19,657
308,20,658
308,21,659
308,22,660
308,23,661
309,0,520
309,1,552
309,2,553
309,3,554
309,4,555
309,5,587
309,6,619
309,7,651
309,8,652
309,9,653
309,10,654
309,11,686
309,12,687
309,13,688
309,14,689
309,15,690
309,16,691
310,0,878
310,1,879
310,2,880
310,3,881
310,4,882
310,5,883
310,6,884
310,7,885
310,8,886
310,9,887
310,10,888
310,11,889
310,12,857
310,13,858
310,14,859
310,15,827
310,16,828
310,17,796
311,0,161
311,1,129
311,2,130
311,3,131
311,4,132
311,5,133
311,6,134
311,7,135
311,8,136
311,9,137
311,10,138
311,11,139
311,12,140
311,13,141
311,14,173
311,15,174
311,16,175
311,17,176
311,18,177
311,19,178
311,20,179
311,21,211
311,22,243
311,23,244
311,24,245
311,25,246
311,26,278
311,27,279
311,28,280
311,29,312
311,30,344
311,31,376
311,32,408
311,33,409
311,34,441
311,35,473
311,36,505
311,37,537
311,38,569
312,0,722
312,1,690
312,2,658
312,3,626
312,4,594
312,5,562
312,6,563
312,7,531
312,8,532
312,9,533
312,10,501
312,11,502
312,12,470
312,13,438
312,14,406
312,15,374
312,16,342
312,17,310
312,18,278
312,19,246
312,20,214
312,21,215
312,22,216
312,23,184
312,24,185
312,25,186
312,26,187
312,27,155
313,0,933
313,1,901
313,2,900
313,3,868
313,4,836
313,5,804
313,6,772
313,7,740
313,8,708
313,9,709
313,10,677
313,11,645
313,12,613
313,13,581
313,14,549
313,15,550
314,0,776
314,1,775
314,2,743
314,3,711
314,4,679
314,5,647
314,6,615
314,7,583
314,8,551
314,9,519
314,10,487
314,11,486
314,12,454
314,13,422
314,14,390
314,15,358
314,16,326
314,17,294
314,18,295
314,19,263
314,20,264
315,0,707
315,1,708
315,2,709
315,3,710
315,4,711
315,5,712
315,6,713
315,7,714
316,0,221
316,1,220
316,2,219
316,3,218
316,4,217
316,5,216
316,6,215
316,7,214
316,8,213
316,9,212
316,10,211
316,11,210
316,12,209
316,13,208
316,14,207
316,15,206
316,16,205
316,17,204
316,18,203
316,19,202
316,20,201
316,21,200
316,22,168
316,23,167
316,24,166
316,25,165
316,26,164
317,0,94
317,1,93
317,2,92
317,3,91
317,4,123
317,5,122
317,6,121
317,7,89
317,8,88
317,9,87
317,10,86
318,0,190
318,1,189
318,2,188
318,3,187
318,4,186
318,5,185
318,6,184
318,7,183
318,8,151
318,9,150
318,10,149
318,11,148
318,12,147
318,13,146
318,14,145
318,15,144
318,16,176
318,17,175
318,18,174
318,19,173
318,20,172
318,21,204
318,22,236
318,23,235
318,24,267
318,25,299
318,26,331
319,0,42
319,1,74
319,2,106
319,3,138
319,4,170
319,5,202
319,6,234
319,7,266
319,8,298
319,9,330
319,10,362
319,11,394
319,12,426
319,13,458
319,14,490
319,15,522
319,16,521
319,17,553
319,18,585
319,19,617
319,20,616
319,21,615
320,0,824
320,1,823
320,2,822
320,3,821
320,4,820
320,5,819
320,6,818
320,7,817
320,8,816
320,9,815
320,10,814
320,11,813
320,12,812
320,13,811
320,14,810
320,15,809
320,16,777
320,17,776
320,18,744
320,19,712
320,20,680
320,21,648
320,22,616
320,23,584
320,24,552
320,25,520
321,0,137
321,1,138
321,2,139
321,3,140
321,4,141
321,5,173
321,6,205
321,7,206
321,8,238
321,9,239
321,10,240
322,0,819
322,1,787
322,2,755
322,3,723
322,4,724
322,5,725
322,6,693
322,7,694
322,8,662
322,9,663
322,10,664
322,11,665
322,12,666
322,13,667
322,14,668
322,15,669
322,16,637
323,0,1009
323,1,977
323,2,976
323,3,944
323,4,912
323,5,880
323,6,848
323,7,816
323,8,815
323,9,783
323,10,751
323,11,719
323,12,687
323,13,686
323,14,654
323,15,622
323,16,590
323,17,558
323,18,526
323,19,494
323,20,462
323,21,430
324,0,709
324,1,677
324,2,645
324,3,613
324,4,612
324,5,580
324,6,548
324,7,516
324,8,484
324,9,485
324,10,453
324,11,421
324,12,422
324,13,390
324,14,358
324,15,326
325,0,962
325,1,930
325,2,898
325,3,866
325,4,834
325,5,802
325,6,770
325,7,738
325,8,706
325,9,674
325,10,642
325,11,610
325,12,578
325,13,579
325,14,547
325,15,515
325,16,483
325,17,451
325,18,419
325,19,387
325,20,355
325,21,323
325,22,291
325,23,259
326,0,420
326,1,419
326,2,451
326,3,483
326,4,515
326,5,516
326,6,548
326,7,580
326,8,612
326,9,613
326,10,645
326,11,677
326,12,709
326,13,741
326,14,742
326,15,743
326,16,775
326,17,807
326,18,839
326,19,840
326,20,872
326,21,873
326,22,874
326,23,875
326,24,907
326,25,908
326,26,909
326,27,910
326,28,911
326,29,912
326,30,913
326,31,881
326,32,882
326,33,883
326,34,884
326,35,885
326,36,886
326,37,887
326,38,888
326,39,889
326,40,857
326,41,858
326,42,859
327,0,369
327,1,370
327,2,371
327,3,403
327,4,435
327,5,467
327,6,499
327,7,531
327,8,563
327,9,595
327,10,627
327,11,659
327,12,691
327,13,723
327,14,755
327,15,787
327,16,819
327,17,851
327,18,883
327,19,915
328,0,228
328,1,229
328,2,197
328,3,165
328,4,133
328,5,101
328,6,69
328,7,37
328,8,38
328,9,39
328,10,40
328,11,41
328,12,42
328,13,43
328,14,44
328,15,45
328,16,46
328,17,47
328,18,48
328,19,49
328,20,50
328,21,51
328,22,52
329,0,194
329,1,226
329,2,227
329,3,228
329,4,260
329,5,292
329,6,324
329,7,356
329,8,388
329,9,420
329,10,421
329,11,453
329,12,485
329,13,517
329,14,549
329,15,581
329,16,613
329,17,645
329,18,677
329,19,678
329,20,679
329,21,711
329,22,743
329,23,775
329,24,807
329,25,839
330,0,3
330,1,4
330,2,5
330,3,6
330,4,38
330,5,70
330,6,102
330,7,134
330,8,166
330,9,167
330,10,168
330,11,200
330,12,201
330,13,233
330,14,234
330,15,235
330,16,236
330,17,237
330,18,269
330,19,301
330,20,302
330,21,334
330,22,366
330,23,367
330,24,368
331,0,972
331,1,940
331,2,941
331,3,942
331,4,943
331,5,944
331,6,945
331,7,946
331,8,947
331,9,948
331,10,916
331,11,884
331,12,852
331,13,820
331,14,821
331,15,822
332,0,185
332,1,217
332,2,249
332,3,281
332,4,313
332,5,312
332,6,344
332,7,376
332,8,408
332,9,440
332,10,472
332,11,504
332,12,536
332,13,568
332,14,600
332,15,632
332,16,664
332,17,696
332,18,728
332,19,760
332,20,792
332,21,824
332,22,856
332,23,888
332,24,920
332,25,919
332,26,951
333,0,546
333,1,578
333,2,610
333,3,609
333,4,641
333,5,673
333,6,674
333,7,706
333,8,738
333,9,770
333,10,802
333,11,803
333,12,835
333,13,867
333,14,868
333,15,900
333,16,901
333,17,902
333,18,903
333,19,935
333,20,967
333,21,968
333,22,969
333,23,1001
333,24,1002
333,25,1003
333,26,1004
333,27,1005
333,28,1006
333,29,1007
333,30,1008
333,31,1009
333,32,1010
333,33,1011
333,34,1012
333,35,1013
333,36,1014
333,37,982
333,38,983
333,39,951
333,40,919
334,0,15
334,1,14
334,2,13
334,3,45
334,4,77
334,5,76
334,6,75
334,7,107
334,8,139
334,9,138
334,10,137
334,11,136
334,12,135
334,13,134
334,14,133
334,15,132
334,16,131
334,17,163
334,18,195
334,19,227
334,20,259
334,21,291
334,22,323
334,23,355
334,24,387
334,25,419
334,26,418
334,27,450
334,28,482
334,29,514
334,30,546
334,31,578
334,32,610
334,33,609
334,34,641
334,35,673
334,36,705
334,37,737
335,0,353
335,1,321
335,2,322
335,3,323
335,4,324
335,5,325
335,6,326
335,7,327
335,8,328
335,9,329
335,10,330
335,11,331
335,12,332
335,13,333
335,14,334
335,15,335
335,16,336
335,17,368
335,18,369
335,19,401
335,20,402
335,21,403
335,22,435
335,23,467
335,24,468
335,25,469
335,26,470
335,27,471
336,0,638
336,1,639
336,2,607
336,3,575
337,0,477
337,1,509
337,2,541
337,3,542
337,4,574
337,5,575
337,6,607
337,7,639
337,8,671
337,9,670
337,10,669
337,11,668
337,12,700
337,13,732
337,14,731
337,15,763
337,16,795
337,17,794
337,18,793
337,19,825
337,20,857
337,21,856
337,22,855
337,23,854
337,24,886
337,25,885
337,26,884
338,0,580
338,1,581
338,2,549
338,3,517
338,4,485
338,5,453
338,6,421
338,7,422
338,8,423
338,9,424
338,10,392
338,11,393
338,12,361
338,13,329
338,14,297
338,15,265
338,16,233
338,17,234
338,18,202
338,19,170
338,20,171
338,21,172
338,22,173
338,23,174
338,24,175
338,25,176
338,26,144
338,27,145
338,28,146
339,0,140
339,1,141
339,2,142
339,3,174
339,4,206
339,5,238
339,6,239
339,7,240
339,8,272
339,9,273
339,10,305
339,11,306
339,12,338
339,13,339
339,14,371
339,15,403
339,16,404
339,17,436
339,18,468
339,19,469
339,20,501
339,21,533
339,22,565
339,23,597
339,24,629
339,25,661
339,26,693
339,27,725
339,28,757
339,29,758
339,30,790
339,31,791
339,32,792
339,33,793
339,34,794
339,35,795
339,36,796
339,37,828
339,38,829
339,39,830
340,0,189
340,1,221
340,2,220
340,3,219
340,4,218
340,5,250
340,6,249
340,7,281
340,8,313
340,9,345
340,10,377
340,11,409
340,12,441
340,13,473
340,14,505
340,15,537
340,16,536
340,17,535
340,18,567
340,19,566
340,20,565
340,21,564
340,22,596
341,0,54
341,1,55
341,2,87
341,3,119
341,4,151
341,5,183
341,6,184
341,7,216
341,8,217
341,9,218
341,10,250
341,11,251
341,12,283
341,13,284
341,14,316
341,15,348
341,16,380
341,17,412
341,18,444
341,19,476
341,20,477
341,21,509
341,22,541
341,23,573
341,24,605
341,25,637
341,26,669
341,27,701
341,28,733
341,29,734
341,30,735
342,0,695
342,1,696
342,2,697
342,3,665
342,4,633
342,5,601
342,6,569
342,7,570
342,8,571
342,9,539
342,10,540
342,11,508
342,12,509
342,13,510
342,14,478
343,0,349
343,1,317
343,2,285
343,3,253
343,4,221
343,5,189
343,6,188
343,7,187
343,8,186
343,9,154
343,10,122
343,11,121
343,12,89
343,13,88
343,14,56
343,15,55
343,16,54
343,17,22
343,18,21
343,19,20
343,20,19
343,21,51
343,22,50
343,23,49
343,24,48
343,25,16
343,26,15
343,27,14
343,28,13
343,29,12
343,30,11
343,31,10
343,32,9
343,33,8
343,34,40
343,35,39
343,36,38
343,37,70
343,38,69
344,0,259
344,1,260
344,2,261
344,3,293
344,4,325
344,5,357
344,6,358
344,7,390
344,8,422
344,9,454
344,10,486
344,11,487
344,12,519
344,13,520
344,14,521
345,0,915
345,1,914
345,2,882
345,3,850
345,4,849
345,5,848
345,6,847
345,7,815
345,8,783
345,9,782
345,10,750
345,11,749
345,12,717
345,13,716
345,14,684
345,15,652
345,16,620
345,17,619
345,18,618
345,19,617
345,20,616
345,21,615
345,22,583
345,23,551
345,24,550
345,25,518
345,26,486
345,27,454
345,28,422
345,29,423
346,0,668
346,1,667
346,2,699
347,0,351
347,1,319
347,2,318
347,3,286
347,4,254
347,5,253
347,6,252
347,7,251
347,8,250
347,9,218
347,10,186
347,11,185
348,0,329
348,1,361
348,2,362
348,3,363
348,4,364
348,5,396
348,6,428
348,7,429
348,8,430
348,9,431
348,10,432
348,11,433
348,12,434
348,13,435
348,14,436
348,15,437
348,16,438
348,17,439
348,18,440
348,19,441
348,20,473
348,21,474
348,22,475
348,23,507
348,24,539
348,25,571
348,26,603
348,27,635
348,28,667
348,29,699
348,30,700
348,31,701
349,0,1016
349,1,984
349,2,983
349,3,982
349,4,981
349,5,980
349,6,948
349,7,916
349,8,915
349,9,914
349,10,882
349,11,850
349,12,849
349,13,817
349,14,785
349,15,784
349,16,752
349,17,720
349,18,719
349,19,687
349,20,655
349,21,654
349,22,653
349,23,621
349,24,620
349,25,619
349,26,587
349,27,555
349,28,523
349,29,491
349,30,459
349,31,458
349,32,426
349,33,394
349,34,362
349,35,361
349,36,329
349,37,328
349,38,327
350,0,884
350,1,852
350,2,820
350,3,788
350,4,787
350,5,755
350,6,723
351,0,151
351,1,150
351,2,149
351,3,117
351,4,116
351,5,115
351,6,114
351,7,113
351,8,112
351,9,80
351,10,48
351,11,16
351,12,15
351,13,14
351,14,46
351,15,45
351,16,44
351,17,43
351,18,42
351,19,41
351,20,40
351,21,39
351,22,38
351,23,37
351,24,5
351,25,4
351,26,3
351,27,2
352,0,343
352,1,344
352,2,312
352,3,280
352,4,281
352,5,249
352,6,217
352,7,185
352,8,153
353,0,519
353,1,520
353,2,521
353,3,522
353,4,523
353,5,524
353,6,525
353,7,526
353,8,527
353,9,559
353,10,560
353,11,561
353,12,562
353,13,563
353,14,564
353,15,565
353,16,566
353,17,567
353,18,568
353,19,569
353,20,570
354,0,443
354,1,475
354,2,507
354,3,539
354,4,571
354,5,603
354,6,635
354,7,667
354,8,699
354,9,731
354,10,730
354,11,762
354,12,794
354,13,793
354,14,825
354,15,824
354,16,823
354,17,822
354,18,821
354,19,820
354,20,852
354,21,851
354,22,850
354,23,849
354,24,848
354,25,847
354,26,879
354,27,878
354,28,877
354,29,876
354,30,844
354,31,843
355,0,528
355,1,529
355,2,561
355,3,562
355,4,594
355,5,595
355,6,596
355,7,597
356,0,563
356,1,595
356,2,627
356,3,659
356,4,691
356,5,690
356,6,722
356,7,754
356,8,786
356,9,818
356,10,850
357,0,277
357,1,278
357,2,279
357,3,311
357,4,343
357,5,375
357,6,407
357,7,439
357,8,471
357,9,472
357,10,504
357,11,505
357,12,506
357,13,538
357,14,570
357,15,602
357,16,603
357,17,604
357,18,605
357,19,637
357,20,669
358,0,535
358,1,503
358,2,471
358,3,439
358,4,440
358,5,408
358,6,409
358,7,410
358,8,378
358,9,346
358,10,347
358,11,315
358,12,283
359,0,62
359,1,94
359,2,126
359,3,158
359,4,190
359,5,222
359,6,254
359,7,255
359,8,287
359,9,319
359,10,351
359,11,350
359,12,349
359,13,348
359,14,380
359,15,412
359,16,444
359,17,443
359,18,442
359,19,474
359,20,506
359,21,505
359,22,504
359,23,503
359,24,535
359,25,567
359,26,599
359,27,631
359,28,663
359,29,695
359,30,727
360,0,348
360,1,347
360,2,379
360,3,378
360,4,377
360,5,409
360,6,441
360,7,440
360,8,472
360,9,504
360,10,503
360,11,502
360,12,534
360,13,566
360,14,565
360,15,564
360,16,563
360,17,595
360,18,627
360,19,659
360,20,691
360,21,723
360,22,722
360,23,721
360,24,753
360,25,785
360,26,817
360,27,849
360,28,881
360,29,880
361,0,49
361,1,81
361,2,113
361,3,145
361,4,177
361,5,209
361,6,241
361,7,273
361,8,272
361,9,304
361,10,336
361,11,335
361,12,367
361,13,399
361,14,431
361,15,430
361,16,462
361,17,494
361,18,526
361,19,558
361,20,590
361,21,622
361,22,654
361,23,686
361,24,685
361,25,684
361,26,716
361,27,748
361,28,780
361,29,812
361,30,844
361,31,876
361,32,908
361,33,940
362,0,648
362,1,649
362,2,617
362,3,585
362,4,553
362,5,521
362,6,489
362,7,457
362,8,458
362,9,459
362,10,460
362,11,461
362,12,462
362,13,430
362,14,398
362,15,399
362,16,367
362,17,335
362,18,303
362,19,304
362,20,272
362,21,240
362,22,208
362,23,176
362,24,144
363,0,370
363,1,369
363,2,368
363,3,400
363,4,399
363,5,431
363,6,463
363,7,462
363,8,494
363,9,526
363,10,558
363,11,557
363,12,589
363,13,621
363,14,620
363,15,652
363,16,651
363,17,650
363,18,682
363,19,714
363,20,713
363,21,745
363,22,744
363,23,776
363,24,775
363,25,807
363,26,806
363,27,805
363,28,804
363,29,803
363,30,802
364,0,597
364,1,565
364,2,564
364,3,532
364,4,531
364,5,499
364,6,498
364,7,497
364,8,496
364,9,464
364,10,463
364,11,431
364,12,399
364,13,398
364,14,366
364,15,334
364,16,333
364,17,332
364,18,331
364,19,330
364,20,329
364,21,328
364,22,327
364,23,326
364,24,325
364,25,324
364,26,323
364,27,322
364,28,321
364,29,289
365,0,141
365,1,173
365,2,205
365,3,237
365,4,238
365,5,239
365,6,240
365,7,241
365,8,242
365,9,243
365,10,244
365,11,276
365,12,277
365,13,278
365,14,279
365,15,280
365,16,312
365,17,344
365,18,345
365,19,377
365,20,409
365,21,410
365,22,442
365,23,443
365,24,475
365,25,507
365,26,508
366,0,780
366,1,812
366,2,844
366,3,876
366,4,875
366,5,874
366,6,873
366,7,905
366,8,904
366,9,903
366,10,902
366,11,870
366,12,869
366,13,868
367,0,1008
367,1,1009
367,2,1010
367,3,978
367,4,979
367,5,980
367,6,948
367,7,949
367,8,981
367,9,982
367,10,983
367,11,951
367,12,952
367,13,953
367,14,921
367,15,889
367,16,857
367,17,825
368,0,233
368,1,265
368,2,264
368,3,263
368,4,295
368,5,327
368,6,326
368,7,358
368,8,357
368,9,356
368,10,355
368,11,354
368,12,386
368,13,418
368,14,417
368,15,449
368,16,448
368,17,480
369,0,388
369,1,356
369,2,357
369,3,358
369,4,326
369,5,327
369,6,328
369,7,329
369,8,330
369,9,331
369,10,363
369,11,364
369,12,396
369,13,428
369,14,429
370,0,742
370,1,710
370,2,678
370,3,679
370,4,680
370,5,681
370,6,682
370,7,650
370,8,651
370,9,619
370,10,620
370,11,621
370,12,622
370,13,623
370,14,624
370,15,625
370,16,626
370,17,627
370,18,595
370,19,596
370,20,597
370,21,598
371,0,320
371,1,288
371,2,289
371,3,290
371,4,291
371,5,292
371,6,260
371,7,261
371,8,229
371,9,230
371,10,231
371,11,199
371,12,200
371,13,168
371,14,136
371,15,104
371,16,105
371,17,73
371,18,74
371,19,75
371,20,76
371,21,77
371,22,78
371,23,46
371,24,47
371,25,48
371,26,49
371,27,50
371,28,51
371,29,52
371,30,20
371,31,21
371,32,22
371,33,23
371,34,24
371,35,56
371,36,88
371,37,89
371,38,121
371,39,122
371,40,123
372,0,175
372,1,207
372,2,208
372,3,209
372,4,210
372,5,211
372,6,243
372,7,244
373,0,671
373,1,639
373,2,638
373,3,606
373,4,605
373,5,604
373,6,603
373,7,602
373,8,570
373,9,569
373,10,568
373,11,567
373,12,566
373,13,565
373,14,564
373,15,563
373,16,562
373,17,561
373,18,560
373,19,559
373,20,527
373,21,526
374,0,219
374,1,218
374,2,186
374,3,154
374,4,153
374,5,121
374,6,89
374,7,88
374,8,87
374,9,86
374,10,85
374,11,84
374,12,52
374,13,51
374,14,50
375,0,973
375,1,974
375,2,942
375,3,943
375,4,944
375,5,945
375,6,946
375,7,947
375,8,915
375,9,916
375,10,884
375,11,852
375,12,820
375,13,821
375,14,822
375,15,790
375,16,791
375,17,792
375,18,760
375,19,728
375,20,696
375,21,697
375,22,665
375,23,633
375,24,601
375,25,602
375,26,570
375,27,538
375,28,506
375,29,474
375,30,442
375,31,410
375,32,378
375,33,346
376,0,101
376,1,133
376,2,134
376,3,135
376,4,136
376,5,137
376,6,138
376,7,170
376,8,171
376,9,172
376,10,173
376,11,174
376,12,175
376,13,176
376,14,144
376,15,145
377,0,12
377,1,44
377,2,76
377,3,108
377,4,140
377,5,141
377,6,173
377,7,205
377,8,206
377,9,207
377,10,239
377,11,240
377,12,241
377,13,242
377,14,243
377,15,244
377,16,245
377,17,246
377,18,278
378,0,553
378,1,554
378,2,586
378,3,587
379,0,990
379,1,991
379,2,959
379,3,927
379,4,895
379,5,894
379,6,862
379,7,830
379,8,831
379,9,799
379,10,767
379,11,735
379,12,734
379,13,733
379,14,732
379,15,700
379,16,668
379,17,667
380,0,358
380,1,326
380,2,294
380,3,293
380,4,261
381,0,35
381,1,36
381,2,37
381,3,38
381,4,39
381,5,40
381,6,8
381,7,9
381,8,10
381,9,11
381,10,12
381,11,13
381,12,14
381,13,15
381,14,16
381,15,48
381,16,49
381,17,50
381,18,51
381,19,19
381,20,20
381,21,21
382,0,542
382,1,510
382,2,478
382,3,477
382,4,476
382,5,475
382,6,443
382,7,442
382,8,441
382,9,440
382,10,439
382,11,438
382,12,437
382,13,405
382,14,404
382,15,403
382,16,402
382,17,401
382,18,400
382,19,399
382,20,367
382,21,366
383,0,921
383,1,889
383,2,890
383,3,858
383,4,826
383,5,794
383,6,762
383,7,730
383,8,698
383,9,697
383,10,665
383,11,633
383,12,601
383,13,569
383,14,537
383,15,505
384,0,690
384,1,722
384,2,721
384,3,720
384,4,752
384,5,784
384,6,783
384,7,782
384,8,781
384,9,780
384,10,779
384,11,778
385,0,355
385,1,356
385,2,324
385,3,325
385,4,293
385,5,294
385,6,295
385,7,263
385,8,264
385,9,265
385,10,233
385,11,234
385,12,235
385,13,203
385,14,171
385,15,172
385,16,173
385,17,174
385,18,175
385,19,176
385,20,144
385,21,145
385,22,146
385,23,114
385,24,115
385,25,116
385,26,117
385,27,118
385,28,119
385,29,120
385,30,121
385,31,122
385,32,123
385,33,91
385,34,59
386,0,697
386,1,698
386,2,730
386,3,731
386,4,763
387,0,974
387,1,942
387,2,910
387,3,911
387,4,879
387,5,847
387,6,848
387,7,816
387,8,784
387,9,752
387,10,720
387,11,688
387,12,656
387,13,624
387,14,592
387,15,560
387,16,561
387,17,529
387,18,497
387,19,465
387,20,466
387,21,434
387,22,402
387,23,370
387,24,338
387,25,306
387,26,274
387,27,242
387,28,210
387,29,178
387,30,179
387,31,147
387,32,115
387,33,116
387,34,84
387,35,52
387,36,20
387,37,19
388,0,696
388,1,695
388,2,663
388,3,631
388,4,599
388,5,567
388,6,535
388,7,503
388,8,471
388,9,439
388,10,407
388,11,375
388,12,343
388,13,311
388,14,279
388,15,278
388,16,277
388,17,276
388,18,244
388,19,243
388,20,211
388,21,179
388,22,178
388,23,177
388,24,145
388,25,113
388,26,81
388,27,80
388,28,48
388,29,16
388,30,15
388,31,14
388,32,13
388,33,12
388,34,44
388,35,76
389,0,418
389,1,450
389,2,482
389,3,483
389,4,484
389,5,516
389,6,517
389,7,518
389,8,550
389,9,551
389,10,552
389,11,553
389,12,554
389,13,555
389,14,556
389,15,557
389,16,558
389,17,559
389,18,560
389,19,561
389,20,562
390,0,549
390,1,550
390,2,551
390,3,552
390,4,584
390,5,585
390,6,586
390,7,618
390,8,650
390,9,651
390,10,683
390,11,684
390,12,685
390,13,686
390,14,687
390,15,719
390,16,720
390,17,721
390,18,722
390,19,723
390,20,724
390,21,725
390,22,757
390,23,758
390,24,790
390,25,791
390,26,823
390,27,824
390,28,825
390,29,826
390,30,827
391,0,37
391,1,36
391,2,35
391,3,34
391,4,33
391,5,65
391,6,97
391,7,129
391,8,161
391,9,193
391,10,225
391,11,224
391,12,256
391,13,288
391,14,320
391,15,352
391,16,353
391,17,385
391,18,417
391,19,418
391,20,450
391,21,482
391,22,514
391,23,515
391,24,547
391,25,579
391,26,580
391,27,581
391,28,613
391,29,645
391,30,677
391,31,709
391,32,741
391,33,740
391,34,772
391,35,804
391,36,836
391,37,868
391,38,869
391,39,870
391,40,902
391,41,934
391,42,935
392,0,822
392,1,821
392,2,820
392,3,788
392,4,787
392,5,786
392,6,785
392,7,784
392,8,783
392,9,782
392,10,781
392,11,780
392,12,779
392,13,778
392,14,777
392,15,745
392,16,744
392,17,712
392,18,711
392,19,679
392,20,647
392,21,646
392,22,614
392,23,613
392,24,612
392,25,580
392,26,579
392,27,547
392,28,515
392,29,483
392,30,451
392,31,419
392,32,387
393,0,237
393,1,238
393,2,239
393,3,240
393,4,241
393,5,242
393,6,243
393,7,244
393,8,212
393,9,213
393,10,214
393,11,215
393,12,216
393,13,217
393,14,218
393,15,250
393,16,251
393,17,252
393,18,253
393,19,285
393,20,286
393,21,287
394,0,865
394,1,866
394,2,834
394,3,802
394,4,770
394,5,738
394,6,706
394,7,674
394,8,642
394,9,610
394,10,578
394,11,579
394,12,547
394,13,515
394,14,483
394,15,451
394,16,419
394,17,420
394,18,388
394,19,356
394,20,324
394,21,292
394,22,293
394,23,261
394,24,229
394,25,197
394,26,165
394,27,133
394,28,101
394,29,69
394,30,70
395,0,590
395,1,589
395,2,588
395,3,556
395,4,524
395,5,492
395,6,491
395,7,459
395,8,458
395,9,426
395,10,394
395,11,362
395,12,330
395,13,298
395,14,266
395,15,234
395,16,202
395,17,170
395,18,138
395,19,106
395,20,74
395,21,42
395,22,10
396,0,297
396,1,298
396,2,299
396,3,331
396,4,332
396,5,333
396,6,334
396,7,335
396,8,336
396,9,368
396,10,369
396,11,401
396,12,402
396,13,403
396,14,404
397,0,155
397,1,156
397,2,157
397,3,189
397,4,221
397,5,253
397,6,285
397,7,317
397,8,349
398,0,983
398,1,982
398,2,981
398,3,949
398,4,948
398,5,947
398,6,946
398,7,945
398,8,944
398,9,943
398,10,942
398,11,974
398,12,973
398,13,972
398,14,971
398,15,970
398,16,969
398,17,968
398,18,936
398,19,935
398,20,934
398,21,933
398,22,932
398,23,931
398,24,930
398,25,929
398,26,897
398,27,865
398,28,864
398,29,832
398,30,800
398,31,768
398,32,736
398,33,737
398,34,705
398,35,673
398,36,641
398,37,609
398,38,610
398,39,578
398,40,546
398,41,514
398,42,482
398,43,481
398,44,449
398,45,417
398,46,385
398,47,353
398,48,352
398,49,320
399,0,998
399,1,999
399,2,1000
399,3,1001
399,4,1002
399,5,1003
399,6,1004
399,7,1005
399,8,1006
399,9,1007
399,10,1008
399,11,976
399,12,977
399,13,978
399,14,979
399,15,980
399,16,981
399,17,982
399,18,983
399,19,984
399,20,1016
399,21,1017
399,22,1018
399,23,1019
399,24,1020
399,25,1021
399,26,1022
399,27,1023
