vertex_in,vertex_out,vertex_flow,edge_flow
0,1,0,1
0,32,1,1
1,0,0,1
1,2,0,1
1,33,0,1
2,1,0,3
2,3,2,3
2,34,0,3
3,2,2,4
3,4,4,4
3,35,0,4
4,3,4,5
4,5,6,5
4,36,0,5
5,4,6,6
5,6,4,6
5,37,0,6
6,5,4,3
6,38,2,3
8,9,6,4
8,40,4,4
9,8,6,6
9,10,8,6
9,41,1,6
10,9,8,7
10,11,8,7
10,42,0,7
11,10,8,7
11,12,8,7
11,43,1,7
12,11,8,7
12,13,8,7
12,44,2,7
13,12,8,7
13,14,12,7
13,45,0,7
14,13,12,9
14,15,20,9
14,46,1,9
15,14,20,9
15,16,16,9
15,47,0,9
16,15,16,8
16,48,16,8
19,20,6,5
19,51,4,5
20,19,6,8
20,21,12,8
20,52,0,8
21,20,12,7
21,22,9,7
22,21,9,6
22,23,4,6
22,54,0,6
23,22,4,5
23,24,3,5
23,55,2,5
24,23,3,5
24,25,0,5
24,56,4,5
25,24,0,1
27,28,0,0
27,59,0,0
28,27,0,0
28,29,0,0
28,60,0,0
29,28,0,1
29,30,0,1
29,61,0,1
30,29,0,2
30,31,0,2
30,62,0,2
31,30,0,1
32,33,0,3
32,64,1,3
32,0,1,3
33,32,0,4
33,34,0,4
33,65,2,4
33,1,0,4
34,33,0,5
34,35,2,5
34,66,2,5
34,2,0,5
35,34,2,4
35,36,4,4
35,67,0,4
35,3,0,4
36,35,4,5
36,37,4,5
36,68,0,5
36,4,0,5
37,36,4,6
37,38,6,6
37,69,0,6
37,5,0,6
38,37,6,9
38,39,20,9
38,70,0,9
38,6,2,9
39,38,20,10
39,40,25,10
40,39,25,10
40,41,12,10
40,8,4,10
41,40,12,9
41,42,8,9
41,73,4,9
41,9,1,9
42,41,8,8
42,43,6,8
42,74,4,8
42,10,0,8
43,42,6,7
43,44,8,7
43,75,1,7
43,11,1,7
44,43,8,9
44,45,8,9
44,76,2,9
44,12,2,9
45,44,8,8
45,46,10,8
45,77,2,8
45,13,0,8
46,45,10,12
46,47,28,12
46,78,6,12
46,14,1,12
47,46,28,12
47,48,32,12
47,15,0,12
48,47,32,20
48,49,24,20
48,80,20,20
48,16,16,20
49,48,24,10
49,50,18,10
49,81,1,10
50,49,18,10
50,51,24,10
51,50,24,10
51,52,8,10
51,19,4,10
52,51,8,7
52,84,6,7
52,20,0,7
54,55,4,4
54,86,2,4
54,22,0,4
55,54,4,6
55,56,1,6
55,87,2,6
55,23,2,6
56,55,1,6
56,88,6,6
56,24,4,6
58,59,0,0
59,58,0,3
59,60,0,3
59,91,4,3
59,27,0,3
60,59,0,2
60,61,0,2
60,92,1,2
60,28,0,2
61,60,0,3
61,62,0,3
61,93,0,3
61,29,0,3
62,61,0,3
62,94,4,3
62,30,0,3
64,65,0,2
64,96,0,2
64,32,1,2
65,64,0,5
65,66,1,5
65,97,2,5
65,33,2,5
66,65,1,5
66,67,2,5
66,98,0,5
66,34,2,5
67,66,2,5
67,68,4,5
67,99,0,5
67,35,0,5
68,67,4,6
68,69,4,6
68,100,1,6
68,36,0,6
69,68,4,7
69,70,6,7
69,101,2,7
69,37,0,7
70,69,6,6
70,102,4,6
70,38,0,6
73,74,6,8
73,105,5,8
73,41,4,8
74,73,6,10
74,75,4,10
74,106,2,10
74,42,4,10
75,74,4,8
75,76,6,8
75,107,0,8
75,43,1,8
76,75,6,8
76,77,4,8
76,108,0,8
76,44,2,8
77,76,4,7
77,78,3,7
77,109,1,7
77,45,2,7
78,77,3,6
78,110,2,6
78,46,6,6
80,81,3,9
80,112,6,9
80,48,20,9
81,80,3,6
81,113,6,6
81,49,1,6
84,85,9,7
84,116,4,7
84,52,6,7
85,84,9,7
85,86,9,7
85,117,1,7
86,85,9,9
86,87,8,9
86,118,2,9
86,54,2,9
87,86,8,9
87,88,6,9
87,119,3,9
87,55,2,9
88,87,6,10
88,89,10,10
88,120,1,10
88,56,6,10
89,88,10,6
89,121,4,6
91,92,0,6
91,123,6,6
91,59,4,6
92,91,0,6
92,93,2,6
92,124,3,6
92,60,1,6
93,92,2,3
93,94,2,3
93,61,0,3
94,93,2,6
94,95,1,6
94,126,4,6
94,62,4,6
95,94,1,3
95,127,4,3
96,97,1,1
96,64,0,1
97,96,1,5
97,98,0,5
97,129,3,5
97,65,2,5
98,97,0,5
98,99,1,5
98,130,4,5
98,66,0,5
99,98,1,6
99,100,3,6
99,131,2,6
99,67,0,6
100,99,3,7
100,101,6,7
100,132,2,7
100,68,1,7
101,100,6,8
101,102,6,8
101,133,2,8
101,69,2,8
102,101,6,10
102,103,12,10
102,134,4,10
102,70,4,10
103,102,12,8
103,104,12,8
103,135,1,8
104,103,12,9
104,105,20,9
104,136,0,9
105,104,20,12
105,106,10,12
105,137,1,12
105,73,5,12
106,105,10,11
106,107,6,11
106,138,3,11
106,74,2,11
107,106,6,11
107,108,8,11
107,139,3,11
107,75,0,11
108,107,8,8
108,109,6,8
108,140,4,8
108,76,0,8
109,108,6,7
109,110,2,7
109,141,2,7
109,77,1,7
110,109,2,5
110,142,6,5
110,78,2,5
112,113,4,7
112,144,3,7
112,80,6,7
113,112,4,10
113,114,12,10
113,145,2,10
113,81,6,10
114,113,12,9
114,115,16,9
114,146,2,9
115,114,16,10
115,116,20,10
115,147,2,10
116,115,20,11
116,117,12,11
116,148,2,11
116,84,4,11
117,116,12,9
117,118,9,9
117,149,2,9
117,85,1,9
118,117,9,8
118,119,4,8
118,150,2,8
118,86,2,8
119,118,4,9
119,120,8,9
119,151,2,9
119,87,3,9
120,119,8,8
120,121,15,8
120,88,1,8
121,120,15,14
121,122,16,14
121,153,8,14
121,89,4,14
122,121,16,9
122,123,9,9
122,154,2,9
123,122,9,9
123,124,2,9
123,155,2,9
123,91,6,9
124,123,2,5
124,156,3,5
124,92,3,5
126,127,0,5
126,158,3,5
126,94,4,5
127,126,0,4
127,159,2,4
127,95,4,4
129,130,0,6
129,161,9,6
129,97,3,6
130,129,0,7
130,131,2,7
130,162,6,7
130,98,4,7
131,130,2,7
131,132,1,7
131,163,6,7
131,99,2,7
132,131,1,6
132,133,6,6
132,164,2,6
132,100,2,6
133,132,6,8
133,134,6,8
133,165,3,8
133,101,2,8
134,133,6,9
134,135,9,9
134,166,3,9
134,102,4,9
135,134,9,9
135,136,12,9
135,167,0,9
135,103,1,9
136,135,12,11
136,137,18,11
136,168,2,11
136,104,0,11
137,136,18,9
137,138,10,9
137,105,1,9
138,137,10,11
138,139,8,11
138,170,5,11
138,106,3,11
139,138,8,10
139,140,10,10
139,171,2,10
139,107,3,10
140,139,10,10
140,141,5,10
140,172,2,10
140,108,4,10
141,140,5,9
141,142,4,9
141,173,5,9
141,109,2,9
142,141,4,9
142,174,20,9
142,110,6,9
144,145,4,9
144,176,15,9
144,112,3,9
145,144,4,10
145,146,12,10
145,177,4,10
145,113,2,10
146,145,12,11
146,147,12,11
146,178,4,11
146,114,2,11
147,146,12,13
147,148,24,13
147,179,4,13
147,115,2,13
148,147,24,11
148,149,15,11
148,116,2,11
149,148,15,11
149,150,9,11
149,181,8,11
149,117,2,11
150,149,9,7
150,151,6,7
150,118,2,7
151,150,6,7
151,183,8,7
151,119,2,7
153,154,6,8
153,185,3,8
153,121,8,8
154,153,6,10
154,155,9,10
154,186,4,10
154,122,2,10
155,154,9,8
155,156,3,8
155,187,2,8
155,123,2,8
156,155,3,8
156,157,6,8
156,188,4,8
156,124,3,8
157,156,6,5
157,158,2,5
157,189,2,5
158,157,2,7
158,159,1,7
158,190,3,7
158,126,3,7
159,158,1,5
159,191,6,5
159,127,2,5
160,161,0,0
161,160,0,8
161,162,2,8
161,193,9,8
161,129,9,8
162,161,2,8
162,163,2,8
162,194,9,8
162,130,6,8
163,162,2,11
163,164,9,11
163,195,12,11
163,131,6,11
164,163,9,7
164,165,4,7
164,132,2,7
165,164,4,10
165,166,9,10
165,197,12,10
165,133,3,10
166,165,9,8
166,167,8,8
166,134,3,8
167,166,8,10
167,168,9,10
167,199,6,10
167,135,0,10
168,167,9,8
168,200,8,8
168,136,2,8
170,171,5,9
170,202,9,9
170,138,5,9
171,170,5,11
171,172,6,11
171,203,6,11
171,139,2,11
172,171,6,11
172,173,12,11
172,204,6,11
172,140,2,11
173,172,12,15
173,174,18,15
173,205,6,15
173,141,5,15
174,173,18,18
174,175,35,18
174,206,8,18
174,142,20,18
175,174,35,14
175,176,32,14
175,207,3,14
176,175,32,15
176,177,10,15
176,208,4,15
176,144,15,15
177,176,10,12
177,178,12,12
177,209,8,12
177,145,4,12
178,177,12,12
178,179,15,12
178,210,6,12
178,146,4,12
179,178,15,9
179,211,6,9
179,147,4,9
181,213,8,6
181,149,8,6
183,184,9,8
183,215,3,8
183,151,8,8
184,183,9,9
184,185,9,9
184,216,6,9
185,184,9,10
185,186,9,10
185,217,3,10
185,153,3,10
186,185,9,11
186,187,9,11
186,218,4,11
186,154,4,11
187,186,9,8
187,188,2,8
187,219,4,8
187,155,2,8
188,187,2,8
188,189,2,8
188,220,6,8
188,156,4,8
189,188,2,7
189,190,2,7
189,221,6,7
189,157,2,7
190,189,2,6
190,191,0,6
190,222,6,6
190,158,3,6
191,190,0,5
191,223,6,5
191,159,6,5
193,194,0,7
193,225,12,7
193,161,9,7
194,193,0,8
194,195,1,8
194,226,12,8
194,162,9,8
195,194,1,9
195,227,15,9
195,163,12,9
197,229,16,7
197,165,12,7
199,200,9,9
199,231,12,9
199,167,6,9
200,199,9,10
200,201,20,10
200,168,8,10
201,200,20,10
201,202,6,10
201,233,6,10
202,201,6,11
202,203,6,11
202,234,9,11
202,170,9,11
203,202,6,11
203,204,8,11
203,235,9,11
203,171,6,11
204,203,8,12
204,205,15,12
204,236,8,12
204,172,6,12
205,204,15,14
205,206,15,14
205,237,6,14
205,173,6,14
206,205,15,15
206,207,28,15
206,238,8,15
206,174,8,15
207,206,28,15
207,208,30,15
207,239,4,15
207,175,3,15
208,207,30,14
208,209,15,14
208,240,6,14
208,176,4,14
209,208,15,13
209,210,10,13
209,241,6,13
209,177,8,13
210,209,10,13
210,211,12,13
210,242,8,13
210,178,6,13
211,210,12,14
211,212,25,14
211,243,4,14
211,179,6,14
212,211,25,11
212,213,10,11
212,244,8,11
213,212,10,13
213,214,12,13
213,245,6,13
213,181,8,13
214,213,12,12
214,215,21,12
214,246,9,12
215,214,21,10
215,216,8,10
215,183,3,10
216,215,8,9
216,217,12,9
216,184,6,9
217,216,12,11
217,218,8,11
217,249,8,11
217,185,3,11
218,217,8,11
218,219,9,11
218,250,9,11
218,186,4,11
219,218,9,10
219,220,4,10
219,251,9,10
219,187,4,10
220,219,4,9
220,221,4,9
220,252,9,9
220,188,6,9
221,220,4,8
221,222,2,8
221,253,6,8
221,189,6,8
222,221,2,7
222,223,0,7
222,254,6,7
222,190,6,7
223,222,0,6
223,255,6,6
223,191,6,6
224,225,4,5
224,256,6,5
225,224,4,10
225,226,0,10
225,257,8,10
225,193,12,10
226,225,0,7
226,227,2,7
226,194,12,7
227,226,2,11
227,228,4,11
227,259,12,11
227,195,15,11
228,227,4,7
228,229,6,7
228,260,6,7
229,228,6,12
229,230,6,12
229,261,9,12
229,197,16,12
230,229,6,6
230,231,12,6
231,230,12,9
231,263,3,9
231,199,12,9
233,234,6,8
233,265,12,8
233,201,6,8
234,233,6,11
234,235,6,11
234,266,9,11
234,202,9,11
235,234,6,14
235,236,12,14
235,267,12,14
235,203,9,14
236,235,12,11
236,237,20,11
236,204,8,11
237,236,20,15
237,238,16,15
237,269,20,15
237,205,6,15
238,237,16,12
238,239,28,12
238,206,8,12
239,238,28,13
239,240,32,13
239,207,4,13
240,239,32,17
240,241,15,17
240,272,20,17
240,208,6,17
241,240,15,13
241,242,10,13
241,273,12,13
241,209,6,13
242,241,10,14
242,243,12,14
242,274,12,14
242,210,8,14
243,242,12,11
243,244,21,11
243,211,4,11
244,243,21,16
244,245,8,16
244,276,20,16
244,212,8,16
245,244,8,13
245,246,10,13
245,277,12,13
245,213,6,13
246,245,10,11
246,278,15,11
246,214,9,11
249,250,6,11
249,281,28,11
249,217,8,11
250,249,6,8
250,251,8,8
250,218,9,8
251,250,8,12
251,252,3,12
251,283,12,12
251,219,9,12
252,251,3,10
252,253,3,10
252,284,9,10
252,220,9,10
253,252,3,8
253,254,0,8
253,285,8,8
253,221,6,8
254,253,0,6
254,255,0,6
254,286,9,6
254,222,6,6
255,254,0,6
255,287,8,6
255,223,6,6
256,257,0,5
256,288,6,5
256,224,6,5
257,256,0,6
257,289,8,6
257,225,8,6
259,260,1,8
259,291,12,8
259,227,12,8
260,259,1,10
260,261,6,10
260,292,12,10
260,228,6,10
261,260,6,9
261,293,12,9
261,229,9,9
263,264,20,11
263,295,12,11
263,231,3,11
264,263,20,9
264,265,16,9
265,264,16,12
265,266,4,12
265,297,9,12
265,233,12,12
266,265,4,11
266,267,3,11
266,298,12,11
266,234,9,11
267,266,3,10
267,299,12,10
267,235,12,10
269,301,30,10
269,237,20,10
272,273,10,13
272,304,18,13
272,240,20,13
273,272,10,14
273,274,9,14
273,305,12,14
273,241,12,14
274,273,9,10
274,306,16,10
274,242,12,10
276,277,9,10
276,308,6,10
276,244,20,10
277,276,9,12
277,278,9,12
277,309,9,12
277,245,12,12
278,277,9,13
278,279,10,13
278,310,6,13
278,246,15,13
279,278,10,10
279,280,6,10
279,311,8,10
280,279,6,10
280,281,8,10
280,312,8,10
281,280,8,12
281,313,8,12
281,249,28,12
283,284,4,9
283,315,8,9
283,251,12,9
284,283,4,10
284,285,2,10
284,316,9,10
284,252,9,10
285,284,2,8
285,286,0,8
285,317,9,8
285,253,8,8
286,285,0,7
286,287,0,7
286,318,9,7
286,254,9,7
287,286,0,7
287,319,10,7
287,255,8,7
288,289,0,5
288,320,6,5
288,256,6,5
289,288,0,8
289,290,2,8
289,321,8,8
289,257,8,8
290,289,2,7
290,291,6,7
290,322,8,7
291,290,6,11
291,292,2,11
291,323,8,11
291,259,12,11
292,291,2,11
292,293,6,11
292,324,8,11
292,260,12,11
293,292,6,11
293,294,6,11
293,325,4,11
293,261,12,11
294,293,6,9
294,295,15,9
294,326,4,9
295,294,15,10
295,327,3,10
295,263,12,10
297,298,4,8
297,329,9,8
297,265,9,8
298,297,4,12
298,299,6,12
298,330,15,12
298,266,12,12
299,298,6,10
299,331,16,10
299,267,12,10
301,302,25,13
301,333,8,13
301,269,30,13
302,301,25,12
302,303,16,12
302,334,9,12
303,302,16,12
303,304,20,12
303,335,9,12
304,303,20,17
304,305,18,17
304,336,16,17
304,272,18,17
305,304,18,12
305,306,15,12
305,273,12,12
306,305,15,16
306,307,16,16
306,338,15,16
306,274,16,16
307,306,16,12
307,308,20,12
307,339,9,12
308,307,20,13
308,309,10,13
308,340,6,13
308,276,6,13
309,308,10,13
309,310,10,13
309,341,9,13
309,277,9,13
310,309,10,13
310,311,12,13
310,342,12,13
310,278,6,13
311,310,12,13
311,312,8,13
311,343,10,13
311,279,8,13
312,311,8,12
312,313,6,12
312,344,9,12
312,280,8,12
313,312,6,9
313,345,15,9
313,281,8,9
315,316,6,9
315,347,16,9
315,283,8,9
316,315,6,11
316,317,2,11
316,348,16,11
316,284,9,11
317,316,2,9
317,318,1,9
317,349,12,9
317,285,9,9
318,317,1,9
318,319,0,9
318,350,10,9
318,286,9,9
319,318,0,8
319,351,6,8
319,287,10,8
320,321,0,5
320,352,4,5
320,288,6,5
321,320,0,8
321,322,2,8
321,353,8,8
321,289,8,8
322,321,2,9
322,323,4,9
322,354,6,9
322,290,8,9
323,322,4,10
323,324,4,10
323,355,8,10
323,291,8,10
324,323,4,11
324,325,6,11
324,356,10,11
324,292,8,11
325,324,6,10
325,326,8,10
325,357,9,10
325,293,4,10
326,325,8,13
326,327,12,13
326,358,10,13
326,294,4,13
327,326,12,10
327,328,20,10
327,295,3,10
328,327,20,10
328,329,24,10
329,328,24,15
329,330,9,15
329,361,20,15
329,297,9,15
330,329,9,14
330,331,12,14
330,362,12,14
330,298,15,14
331,330,12,15
331,332,20,15
331,363,6,15
331,299,16,15
332,331,20,13
332,333,30,13
332,364,9,13
333,332,30,14
333,334,30,14
333,301,8,14
334,333,30,17
334,335,12,17
334,366,20,17
334,302,9,17
335,334,12,15
335,336,15,15
335,367,20,15
335,303,9,15
336,335,15,13
336,368,24,13
336,304,16,13
338,339,8,12
338,370,20,12
338,306,15,12
339,338,8,15
339,340,20,15
339,371,18,15
339,307,9,15
340,339,20,11
340,341,12,11
340,308,6,11
341,340,12,13
341,342,9,13
341,373,12,13
341,309,9,13
342,341,9,14
342,343,12,14
342,374,12,14
342,310,12,14
343,342,12,13
343,344,6,13
343,375,12,13
343,311,10,13
344,343,6,12
344,345,6,12
344,376,15,12
344,312,9,12
345,344,6,13
345,346,9,13
345,377,12,13
345,313,15,13
346,345,9,11
346,347,15,11
346,378,10,11
347,346,15,13
347,348,4,13
347,379,8,13
347,315,16,13
348,347,4,10
348,349,1,10
348,380,12,10
348,316,16,10
349,348,1,10
349,350,3,10
349,381,12,10
349,317,12,10
350,349,3,11
350,351,4,11
350,382,12,11
350,318,10,11
351,350,4,4
351,319,6,4
352,353,4,4
352,320,4,4
353,352,4,10
353,354,2,10
353,385,15,10
353,321,8,10
354,353,2,9
354,355,2,9
354,386,12,9
354,322,6,9
355,354,2,10
355,356,3,10
355,387,15,10
355,323,8,10
356,355,3,12
356,357,6,12
356,388,15,12
356,324,10,12
357,356,6,8
357,358,6,8
357,325,9,8
358,357,6,9
358,390,12,9
358,326,10,9
361,362,3,11
361,393,20,11
361,329,20,11
362,361,3,13
362,363,6,13
362,394,20,13
362,330,12,13
363,362,6,10
363,364,25,10
363,331,6,10
364,363,25,13
364,396,30,13
364,332,9,13
366,367,15,13
366,398,16,13
366,334,20,13
367,366,15,16
367,368,12,16
367,399,12,16
367,335,20,16
368,367,12,16
368,369,15,16
368,400,12,16
368,336,24,16
369,368,15,13
369,370,18,13
369,401,14,13
370,369,18,16
370,371,10,16
370,402,16,16
370,338,20,16
371,370,10,12
371,403,16,12
371,339,18,12
373,374,10,12
373,405,20,12
373,341,12,12
374,373,10,14
374,375,8,14
374,406,15,14
374,342,12,14
375,374,8,13
375,376,6,13
375,407,15,13
375,343,12,13
376,375,6,14
376,377,9,14
376,408,18,14
376,344,15,14
377,376,9,14
377,378,8,14
377,409,20,14
377,345,12,14
378,377,8,15
378,379,15,15
378,410,18,15
378,346,10,15
379,378,15,9
379,380,6,9
379,347,8,9
380,379,6,12
380,381,4,12
380,412,15,12
380,348,12,12
381,380,4,10
381,382,2,10
381,413,12,10
381,349,12,10
382,381,2,8
382,414,8,8
382,350,12,8
385,386,1,9
385,417,15,9
385,353,15,9
386,385,1,9
386,387,1,9
386,418,15,9
386,354,12,9
387,386,1,11
387,388,2,11
387,419,15,11
387,355,15,11
388,387,2,9
388,420,15,9
388,356,15,9
390,422,16,7
390,358,12,7
392,393,12,7
392,424,9,7
393,392,12,11
393,394,6,11
393,361,20,11
394,393,6,13
394,426,36,13
394,362,20,13
396,428,30,11
396,364,30,11
398,399,15,13
398,430,24,13
398,366,16,13
399,398,15,16
399,400,15,16
399,431,16,16
399,367,12,16
400,399,15,14
400,401,12,14
400,432,12,14
400,368,12,14
401,400,12,16
401,402,20,16
401,433,10,16
401,369,14,16
402,401,20,15
402,403,12,15
402,434,12,15
402,370,16,15
403,402,12,15
403,404,20,15
403,435,12,15
403,371,16,15
404,403,20,12
404,405,16,12
404,436,12,12
405,404,16,15
405,406,8,15
405,437,16,15
405,373,20,15
406,405,8,14
406,407,9,14
406,438,12,14
406,374,15,14
407,406,9,14
407,408,9,14
407,439,15,14
407,375,15,14
408,407,9,14
408,409,8,14
408,440,12,14
408,376,18,14
409,408,8,14
409,410,6,14
409,441,15,14
409,377,20,14
410,409,6,11
410,442,15,11
410,378,18,11
412,413,1,10
412,444,24,10
412,380,15,10
413,412,1,13
413,414,8,13
413,445,28,13
413,381,12,13
414,413,8,6
414,382,8,6
417,418,1,10
417,449,24,10
417,385,15,10
418,417,1,11
418,419,0,11
418,450,21,11
418,386,15,11
419,418,0,12
419,420,6,12
419,451,24,12
419,387,15,12
420,419,6,9
420,421,8,9
420,388,15,9
421,420,8,11
421,422,9,11
421,453,24,11
422,421,9,16
422,423,12,16
422,454,30,16
422,390,16,16
423,422,12,7
423,424,9,7
424,423,9,6
424,392,9,6
426,458,36,12
426,394,36,12
428,429,15,14
428,460,20,14
428,396,30,14
429,428,15,13
429,430,24,13
429,461,16,13
430,429,24,19
430,431,18,19
430,462,18,19
430,398,24,19
431,430,18,16
431,432,18,16
431,463,9,16
431,399,16,16
432,431,18,15
432,433,10,15
432,464,12,15
432,400,12,15
433,432,10,15
433,434,18,15
433,465,8,15
433,401,10,15
434,433,18,15
434,435,10,15
434,466,12,15
434,402,12,15
435,434,10,14
435,436,15,14
435,467,8,14
435,403,12,14
436,435,15,15
436,437,16,15
436,468,8,15
436,404,12,15
437,436,16,15
437,438,12,15
437,469,12,15
437,405,16,15
438,437,12,14
438,439,9,14
438,470,12,14
438,406,12,14
439,438,9,14
439,440,9,14
439,471,15,14
439,407,15,14
440,439,9,13
440,441,9,13
440,472,12,13
440,408,12,13
441,440,9,14
441,442,6,14
441,473,15,14
441,409,15,14
442,441,6,13
442,443,4,13
442,474,16,13
442,410,15,13
443,442,4,8
443,444,6,8
443,475,12,8
444,443,6,12
444,445,0,12
444,476,12,12
444,412,24,12
445,444,0,11
445,477,20,11
445,413,28,11
447,479,0,1
448,449,4,4
448,480,4,4
449,448,4,12
449,450,0,12
449,481,12,12
449,417,24,12
450,449,0,11
450,451,0,11
450,482,18,11
450,418,21,11
451,450,0,10
451,483,18,10
451,419,24,10
453,454,2,12
453,485,28,12
453,421,24,12
454,453,2,12
454,486,25,12
454,422,30,12
457,458,6,5
457,489,6,5
458,457,6,15
458,459,12,15
458,490,9,15
458,426,36,15
459,458,12,11
459,460,20,11
459,491,8,11
460,459,20,16
460,461,16,16
460,492,12,16
460,428,20,16
461,460,16,16
461,462,16,16
461,493,16,16
461,429,16,16
462,461,16,19
462,463,25,19
462,494,28,19
462,430,18,19
463,462,25,12
463,464,16,12
463,431,9,12
464,463,16,14
464,465,12,14
464,496,12,14
464,432,12,14
465,464,12,15
465,466,20,15
465,497,12,15
465,433,8,15
466,465,20,15
466,467,12,15
466,498,15,15
466,434,12,15
467,466,12,15
467,468,20,15
467,499,12,15
467,435,8,15
468,467,20,12
468,469,16,12
468,436,8,12
469,468,16,15
469,470,12,15
469,501,16,15
469,437,12,15
470,469,12,14
470,471,12,14
470,502,15,14
470,438,12,14
471,470,12,15
471,472,12,15
471,503,16,15
471,439,15,15
472,471,12,14
472,473,6,14
472,504,15,14
472,440,12,14
473,472,6,13
473,474,9,13
473,505,15,13
473,441,15,13
474,473,9,13
474,475,3,13
474,506,15,13
474,442,16,13
475,474,3,11
475,476,2,11
475,507,15,11
475,443,12,11
476,475,2,11
476,477,2,11
476,508,12,11
476,444,12,11
477,476,2,12
477,478,8,12
477,509,12,12
477,445,20,12
478,477,8,7
478,479,1,7
478,510,6,7
479,478,1,2
479,511,0,2
479,447,0,2
480,481,2,4
480,448,4,4
481,480,2,10
481,482,1,10
481,513,12,10
481,449,12,10
482,481,1,11
482,483,2,11
482,514,12,11
482,450,18,11
483,482,2,12
483,484,8,12
483,515,12,12
483,451,18,12
484,483,8,8
484,485,4,8
484,516,12,8
485,484,4,13
485,486,4,13
485,517,10,13
485,453,28,13
486,485,4,14
486,487,12,14
486,518,12,14
486,454,25,14
487,486,12,7
487,519,12,7
489,490,2,8
489,521,16,8
489,457,6,8
490,489,2,11
490,491,8,11
490,522,8,11
490,458,9,11
491,490,8,13
491,492,9,13
491,523,12,13
491,459,8,13
492,491,9,13
492,493,9,13
492,524,12,13
492,460,12,13
493,492,9,14
493,494,12,14
493,525,12,14
493,461,16,14
494,493,12,12
494,526,8,12
494,462,28,12
496,497,9,12
496,528,30,12
496,464,12,12
497,496,9,16
497,498,20,16
497,529,21,16
497,465,12,16
498,497,20,12
498,499,10,12
498,466,15,12
499,498,10,12
499,531,21,12
499,467,12,12
501,502,12,12
501,533,24,12
501,469,16,12
502,501,12,15
502,503,10,15
502,534,16,15
502,470,15,15
503,502,10,15
503,504,10,15
503,535,16,15
503,471,16,15
504,503,10,15
504,505,9,15
504,536,14,15
504,472,15,15
505,504,9,14
505,506,6,14
505,537,15,14
505,473,15,14
506,505,6,12
506,507,3,12
506,538,16,12
506,474,15,12
507,506,3,11
507,508,4,11
507,539,12,11
507,475,15,11
508,507,4,11
508,509,2,11
508,540,12,11
508,476,12,11
509,508,2,10
509,510,1,10
509,541,15,10
509,477,12,10
510,509,1,9
510,511,2,9
510,542,16,9
510,478,6,9
511,510,2,2
511,479,0,2
513,514,0,7
513,545,8,7
513,481,12,7
514,513,0,9
514,515,2,9
514,546,10,9
514,482,12,9
515,514,2,11
515,516,6,11
515,547,12,11
515,483,12,11
516,515,6,12
516,517,6,12
516,548,8,12
516,484,12,12
517,516,6,12
517,518,9,12
517,549,8,12
517,485,10,12
518,517,9,13
518,519,12,13
518,550,9,13
518,486,12,13
519,518,12,15
519,520,20,15
519,551,12,15
519,487,12,15
520,519,20,11
520,521,16,11
520,552,6,11
521,520,16,15
521,522,9,15
521,553,12,15
521,489,16,15
522,521,9,12
522,523,9,12
522,554,8,12
522,490,8,12
523,522,9,13
523,524,9,13
523,555,8,13
523,491,12,13
524,523,9,13
524,525,12,13
524,556,9,13
524,492,12,13
525,524,12,14
525,526,12,14
525,557,12,14
525,493,12,14
526,525,12,15
526,527,20,15
526,558,12,15
526,494,8,15
527,526,20,12
527,528,25,12
527,559,6,12
528,527,25,18
528,529,15,18
528,560,12,18
528,496,30,18
529,528,15,12
529,561,8,12
529,497,21,12
531,532,15,13
531,563,18,13
531,499,21,13
532,531,15,12
532,533,16,12
532,564,15,12
533,532,16,16
533,534,12,16
533,565,10,16
533,501,24,16
534,533,12,15
534,535,12,15
534,566,15,15
534,502,16,15
535,534,12,14
535,536,9,14
535,567,15,14
535,503,16,14
536,535,9,15
536,537,6,15
536,568,14,15
536,504,14,15
537,536,6,13
537,538,9,13
537,569,10,13
537,505,15,13
538,537,9,13
538,539,6,13
538,570,16,13
538,506,16,13
539,538,6,13
539,540,6,13
539,571,15,13
539,507,12,13
540,539,6,7
540,541,2,7
540,508,12,7
541,540,2,11
541,542,1,11
541,573,20,11
541,509,15,11
542,541,1,9
542,574,20,9
542,510,16,9
544,545,0,1
545,544,0,6
545,546,4,6
545,513,8,6
546,545,4,12
546,547,2,12
546,578,24,12
546,514,10,12
547,546,2,11
547,548,4,11
547,579,15,11
547,515,12,11
548,547,4,11
548,549,6,11
548,580,16,11
548,516,8,11
549,548,6,13
549,550,10,13
549,581,14,13
549,517,8,13
550,549,10,12
550,551,24,12
550,518,9,12
551,550,24,17
551,552,15,17
551,583,25,17
551,519,12,17
552,551,15,13
552,553,8,13
552,584,12,13
552,520,6,13
553,552,8,13
553,554,10,13
553,585,12,13
553,521,12,13
554,553,10,13
554,555,8,13
554,586,16,13
554,522,8,13
555,554,8,13
555,556,9,13
555,587,16,13
555,523,8,13
556,555,9,13
556,557,12,13
556,588,15,13
556,524,9,13
557,556,12,15
557,558,15,15
557,589,16,15
557,525,12,15
558,557,15,16
558,559,20,16
558,590,15,16
558,526,12,16
559,558,20,11
559,560,15,11
559,527,6,11
560,559,15,17
560,561,20,17
560,592,18,17
560,528,12,17
561,560,20,13
561,562,25,13
561,529,8,13
562,561,25,12
562,563,16,12
562,594,9,12
563,562,16,17
563,564,15,17
563,595,14,17
563,531,18,17
564,563,15,16
564,565,15,16
564,596,15,16
564,532,15,16
565,564,15,15
565,566,9,15
565,597,16,15
565,533,10,15
566,565,9,14
566,567,8,14
566,598,16,14
566,534,15,14
567,566,8,14
567,568,8,14
567,599,15,14
567,535,15,14
568,567,8,15
568,569,8,15
568,600,14,15
568,536,14,15
569,568,8,14
569,570,8,14
569,601,16,14
569,537,10,14
570,569,8,13
570,571,6,13
570,602,12,13
570,538,16,13
571,570,6,10
571,603,12,10
571,539,15,10
573,574,1,9
573,605,12,9
573,541,20,9
574,573,1,11
574,575,4,11
574,606,12,11
574,542,20,11
575,574,4,6
575,607,8,6
578,579,8,15
578,610,56,15
578,546,24,15
579,578,8,9
579,580,6,9
579,547,15,9
580,579,6,12
580,581,3,12
580,612,12,12
580,548,16,12
581,580,3,11
581,613,24,11
581,549,14,11
583,584,6,12
583,615,15,12
583,551,25,12
584,583,6,13
584,585,12,13
584,616,12,13
584,552,12,13
585,584,12,14
585,586,9,14
585,617,16,14
585,553,12,14
586,585,9,13
586,587,4,13
586,618,16,13
586,554,16,13
587,586,4,13
587,588,9,13
587,619,12,13
587,555,16,13
588,587,9,14
588,589,12,14
588,620,15,14
588,556,15,14
589,588,12,15
589,590,12,15
589,621,15,15
589,557,16,15
590,589,12,11
590,622,15,11
590,558,15,11
592,624,15,9
592,560,18,9
594,595,12,12
594,626,21,12
594,562,9,12
595,594,12,16
595,596,12,16
595,627,15,16
595,563,14,16
596,595,12,15
596,597,12,15
596,628,12,15
596,564,15,15
597,596,12,15
597,598,12,15
597,629,15,15
597,565,16,15
598,597,12,15
598,599,8,15
598,630,15,15
598,566,16,15
599,598,8,14
599,600,9,14
599,631,16,14
599,567,15,14
600,599,9,15
600,601,5,15
600,632,20,15
600,568,14,15
601,600,5,14
601,602,9,14
601,633,18,14
601,569,16,14
602,601,9,9
602,603,6,9
602,570,12,9
603,602,6,13
603,604,4,13
603,635,20,13
603,571,12,13
604,603,4,5
604,605,6,5
605,604,6,12
605,606,3,12
605,637,15,12
605,573,12,12
606,605,3,9
606,607,0,9
606,638,5,9
606,574,12,9
607,606,0,6
607,639,6,6
607,575,8,6
608,609,2,3
608,640,2,3
609,608,2,7
609,610,12,7
609,641,4,7
610,609,12,15
610,642,16,15
610,578,56,15
612,613,12,7
612,580,12,7
613,612,12,18
613,614,12,18
613,645,28,18
613,581,24,18
614,613,12,10
614,615,9,10
614,646,16,10
615,614,9,14
615,616,8,14
615,647,12,14
615,583,15,14
616,615,8,13
616,617,12,13
616,648,12,13
616,584,12,13
617,616,12,14
617,618,9,14
617,649,12,14
617,585,16,14
618,617,9,13
618,619,6,13
618,650,12,13
618,586,16,13
619,618,6,13
619,620,12,13
619,651,12,13
619,587,12,13
620,619,12,15
620,621,8,15
620,652,15,15
620,588,15,15
621,620,8,14
621,622,12,14
621,653,12,14
621,589,15,14
622,621,12,15
622,623,18,15
622,654,9,15
622,590,15,15
623,622,18,11
623,624,12,11
623,655,6,11
624,623,12,15
624,625,15,15
624,656,9,15
624,592,15,15
625,624,15,12
625,626,24,12
625,657,9,12
626,625,24,17
626,627,12,17
626,658,12,17
626,594,21,17
627,626,12,15
627,628,12,15
627,659,12,15
627,595,15,15
628,627,12,14
628,629,16,14
628,660,9,14
628,596,12,14
629,628,16,14
629,630,12,14
629,661,9,14
629,597,15,14
630,629,12,15
630,631,12,15
630,662,10,15
630,598,15,15
631,630,12,13
631,632,6,13
631,663,12,13
631,599,16,13
632,631,6,14
632,633,8,14
632,664,12,14
632,600,20,14
633,632,8,11
633,665,12,11
633,601,18,11
635,667,20,9
635,603,20,9
637,638,0,10
637,669,25,10
637,605,15,10
638,637,0,7
638,639,2,7
638,670,6,7
638,606,5,7
639,638,2,6
639,671,4,6
639,607,6,6
640,641,0,3
640,672,2,3
640,608,2,3
641,640,0,4
641,642,0,4
641,673,4,4
641,609,4,4
642,641,0,9
642,643,2,9
642,674,9,9
642,610,16,9
643,642,2,4
643,675,6,4
645,646,4,11
645,677,15,11
645,613,28,11
646,645,4,13
646,647,9,13
646,678,16,13
646,614,16,13
647,646,9,13
647,648,8,13
647,679,10,13
647,615,12,13
648,647,8,14
648,649,12,14
648,680,15,14
648,616,12,14
649,648,12,13
649,650,6,13
649,681,12,13
649,617,12,13
650,649,6,12
650,651,6,12
650,682,12,12
650,618,12,12
651,650,6,13
651,652,12,13
651,683,12,13
651,619,12,13
652,651,12,14
652,653,9,14
652,684,10,14
652,620,15,14
653,652,9,14
653,654,16,14
653,685,12,14
653,621,12,14
654,653,16,15
654,655,18,15
654,686,10,15
654,622,9,15
655,654,18,13
655,656,12,13
655,687,8,13
655,623,6,13
656,655,12,13
656,657,15,13
656,688,6,13
656,624,9,13
657,656,15,15
657,658,20,15
657,689,9,15
657,625,9,15
658,657,20,16
658,659,20,16
658,690,12,16
658,626,12,16
659,658,20,16
659,660,16,16
659,691,6,16
659,627,12,16
660,659,16,14
660,661,16,14
660,692,9,14
660,628,9,14
661,660,16,14
661,662,12,14
661,693,9,14
661,629,9,14
662,661,12,14
662,663,9,14
662,694,6,14
662,630,10,14
663,662,9,12
663,664,6,12
663,695,6,12
663,631,12,12
664,663,6,11
664,665,8,11
664,696,6,11
664,632,12,11
665,664,8,13
665,666,12,13
665,697,5,13
665,633,12,13
666,665,12,8
666,667,4,8
666,698,6,8
667,666,4,12
667,668,3,12
667,699,12,12
667,635,20,12
668,667,3,9
668,669,15,9
668,700,12,9
669,668,15,18
669,670,16,18
669,701,24,18
669,637,25,18
670,669,16,8
670,671,2,8
670,638,6,8
671,670,2,3
671,639,4,3
672,673,4,4
672,640,2,4
673,672,4,8
673,674,1,8
673,705,9,8
673,641,4,8
674,673,1,8
674,675,0,8
674,706,9,8
674,642,9,8
675,674,0,6
675,707,12,6
675,643,6,6
677,678,6,11
677,709,18,11
677,645,15,11
678,677,6,13
678,679,8,13
678,710,12,13
678,646,16,13
679,678,8,14
679,680,8,14
679,711,16,14
679,647,10,14
680,679,8,13
680,681,9,13
680,712,12,13
680,648,15,13
681,680,9,13
681,682,8,13
681,713,12,13
681,649,12,13
682,681,8,13
682,683,9,13
682,714,12,13
682,650,12,13
683,682,9,14
683,684,8,14
683,715,16,14
683,651,12,14
684,683,8,14
684,685,10,14
684,716,12,14
684,652,10,14
685,684,10,16
685,686,14,16
685,717,15,16
685,653,12,16
686,685,14,13
686,687,18,13
686,654,10,13
687,686,18,15
687,688,12,15
687,719,12,15
687,655,8,15
688,687,12,13
688,689,12,13
688,720,9,13
688,656,6,13
689,688,12,14
689,690,15,14
689,721,12,14
689,657,9,14
690,689,15,15
690,691,16,15
690,722,16,15
690,658,12,15
691,690,16,16
691,692,15,16
691,723,15,16
691,659,6,16
692,691,15,15
692,693,16,15
692,724,12,15
692,660,9,15
693,692,16,16
693,694,18,16
693,725,18,16
693,661,9,16
694,693,18,11
694,695,8,11
694,662,6,11
695,694,8,11
695,696,12,11
695,727,4,11
695,663,6,11
696,695,12,11
696,697,9,11
696,728,6,11
696,664,6,11
697,696,9,9
697,698,10,9
697,665,5,9
698,697,10,12
698,699,3,12
698,730,15,12
698,666,6,12
699,698,3,11
699,700,4,11
699,731,12,11
699,667,12,11
700,699,4,10
700,701,1,10
700,732,15,10
700,668,12,10
701,700,1,11
701,733,24,11
701,669,24,11
705,706,1,6
705,737,6,6
705,673,9,6
706,705,1,8
706,707,2,8
706,738,6,8
706,674,9,8
707,706,2,10
707,708,12,10
707,739,4,10
707,675,12,10
708,707,12,10
708,709,21,10
708,740,0,10
709,708,21,14
709,710,8,14
709,741,4,14
709,677,18,14
710,709,8,13
710,711,9,13
710,742,9,13
710,678,12,13
711,710,9,13
711,712,9,13
711,743,12,13
711,679,16,13
712,711,9,13
712,713,9,13
712,744,12,13
712,680,12,13
713,712,9,13
713,714,9,13
713,745,12,13
713,681,12,13
714,713,9,13
714,715,8,13
714,746,9,13
714,682,12,13
715,714,8,13
715,716,8,13
715,747,5,13
715,683,16,13
716,715,8,13
716,717,6,13
716,748,6,13
716,684,12,13
717,716,6,10
717,749,8,10
717,685,15,10
719,720,12,11
719,751,15,11
719,687,12,11
720,719,12,14
720,721,12,14
720,752,16,14
720,688,9,14
721,720,12,14
721,722,10,14
721,753,12,14
721,689,12,14
722,721,10,16
722,723,16,16
722,754,18,16
722,690,16,16
723,722,16,19
723,724,24,19
723,755,30,19
723,691,15,19
724,723,24,13
724,725,15,13
724,692,12,13
725,724,15,13
725,757,20,13
725,693,18,13
727,728,4,4
727,695,4,4
728,727,4,10
728,760,25,10
728,696,6,10
730,731,2,10
730,762,15,10
730,698,15,10
731,730,2,12
731,732,4,12
731,763,16,12
731,699,12,12
732,731,4,8
732,733,4,8
732,700,15,8
733,732,4,14
733,734,12,14
733,765,12,14
733,701,24,14
734,733,12,7
734,735,2,7
734,766,3,7
735,734,2,3
735,767,1,3
736,737,4,3
736,768,2,3
737,736,4,8
737,738,2,8
737,769,2,8
737,705,6,8
738,737,2,8
738,739,2,8
738,770,6,8
738,706,6,8
739,738,2,8
739,740,4,8
739,771,6,8
739,707,4,8
740,739,4,10
740,741,16,10
740,772,8,10
740,708,0,10
741,740,16,9
741,742,9,9
741,709,4,9
742,741,9,9
742,743,12,9
742,710,9,9
743,742,12,14
743,744,9,14
743,775,15,14
743,711,12,14
744,743,9,13
744,745,9,13
744,776,9,13
744,712,12,13
745,744,9,13
745,746,8,13
745,777,10,13
745,713,12,13
746,745,8,12
746,747,8,12
746,778,10,12
746,714,9,12
747,746,8,12
747,748,9,12
747,779,8,12
747,715,5,12
748,747,9,13
748,749,8,13
748,780,10,13
748,716,6,13
749,748,8,14
749,750,16,14
749,781,10,14
749,717,8,14
750,749,16,12
750,751,20,12
750,782,9,12
751,750,20,15
751,752,12,15
751,783,8,15
751,719,15,15
752,751,12,15
752,753,10,15
752,784,12,15
752,720,16,15
753,752,10,13
753,754,8,13
753,785,9,13
753,721,12,13
754,753,8,13
754,755,3,13
754,786,15,13
754,722,18,13
755,754,3,11
755,787,15,11
755,723,30,11
757,758,16,8
757,725,20,8
758,757,16,8
758,790,12,8
760,792,25,10
760,728,25,10
762,763,2,9
762,794,16,9
762,730,15,9
763,762,2,10
763,795,15,10
763,731,16,10
765,766,0,7
765,797,8,7
765,733,12,7
766,765,0,5
766,767,0,5
766,798,3,5
766,734,3,5
767,766,0,3
767,799,2,3
767,735,1,3
768,769,0,4
768,800,3,4
768,736,2,4
769,768,0,5
769,770,0,5
769,801,3,5
769,737,2,5
770,769,0,7
770,771,0,7
770,802,4,7
770,738,6,7
771,770,0,9
771,772,6,9
771,803,6,9
771,739,6,9
772,771,6,8
772,804,3,8
772,740,8,8
775,776,8,11
775,807,12,11
775,743,15,11
776,775,8,11
776,777,6,11
776,808,9,11
776,744,9,11
777,776,6,12
777,778,10,12
777,809,9,12
777,745,10,12
778,777,10,13
778,779,9,13
778,810,9,13
778,746,10,13
779,778,9,11
779,780,9,11
779,811,6,11
779,747,8,11
780,779,9,13
780,781,12,13
780,812,6,13
780,748,10,13
781,780,12,13
781,782,12,13
781,813,3,13
781,749,10,13
782,781,12,13
782,783,15,13
782,814,6,13
782,750,9,13
783,782,15,13
783,784,12,13
783,815,8,13
783,751,8,13
784,783,12,13
784,785,12,13
784,816,8,13
784,752,12,13
785,784,12,13
785,786,8,13
785,817,10,13
785,753,9,13
786,785,8,13
786,787,6,13
786,818,12,13
786,754,15,13
787,786,6,13
787,788,9,13
787,819,10,13
787,755,15,13
788,787,9,6
788,820,6,6
790,791,12,9
790,822,6,9
790,758,12,9
791,790,12,9
791,792,8,9
791,823,3,9
792,791,8,13
792,793,6,13
792,824,4,13
792,760,25,13
793,792,6,8
793,794,9,8
793,825,6,8
794,793,9,11
794,795,2,11
794,826,6,11
794,762,16,11
795,794,2,10
795,796,4,10
795,827,6,10
795,763,15,10
796,795,4,5
796,797,1,5
796,828,4,5
797,796,1,7
797,798,0,7
797,829,6,7
797,765,8,7
798,797,0,5
798,799,0,5
798,830,4,5
798,766,3,5
799,798,0,3
799,831,2,3
799,767,2,3
800,801,0,5
800,832,4,5
800,768,3,5
801,800,0,4
801,802,4,4
801,769,3,4
802,801,4,9
802,803,4,9
802,834,6,9
802,770,4,9
803,802,4,9
803,804,6,9
803,835,3,9
803,771,6,9
804,803,6,9
804,805,4,9
804,836,4,9
804,772,3,9
805,804,4,8
805,806,5,8
805,837,4,8
806,805,5,8
806,807,12,8
806,838,1,8
807,806,12,13
807,808,8,13
807,839,3,13
807,775,12,13
808,807,8,11
808,809,9,11
808,840,6,11
808,776,9,11
809,808,9,12
809,810,9,12
809,841,6,12
809,777,9,12
810,809,9,12
810,811,12,12
810,842,4,12
810,778,9,12
811,810,12,12
811,812,12,12
811,843,6,12
811,779,6,12
812,811,12,12
812,813,6,12
812,844,5,12
812,780,6,12
813,812,6,12
813,814,15,12
813,845,6,12
813,781,3,12
814,813,15,11
814,815,15,11
814,782,6,11
815,814,15,14
815,816,12,14
815,847,6,14
815,783,8,14
816,815,12,13
816,817,12,13
816,848,6,13
816,784,8,13
817,816,12,14
817,818,12,14
817,849,10,14
817,785,10,14
818,817,12,13
818,819,8,13
818,850,6,13
818,786,12,13
819,818,8,12
819,820,8,12
819,851,5,12
819,787,10,12
820,819,8,14
820,821,36,14
820,852,4,14
820,788,6,14
821,820,36,12
821,822,30,12
822,821,30,13
822,823,12,13
822,854,2,13
822,790,6,13
823,822,12,10
823,824,12,10
823,855,0,10
823,791,3,10
824,823,12,11
824,825,9,11
824,856,3,11
824,792,4,11
825,824,9,10
825,826,6,10
825,857,4,10
825,793,6,10
826,825,6,9
826,827,4,9
826,858,6,9
826,794,6,9
827,826,4,10
827,828,3,10
827,859,10,10
827,795,6,10
828,827,3,6
828,829,2,6
828,796,4,6
829,828,2,8
829,830,0,8
829,861,9,8
829,797,6,8
830,829,0,8
830,831,2,8
830,862,8,8
830,798,4,8
831,830,2,3
831,799,2,3
832,864,4,4
832,800,4,4
834,835,2,6
834,866,6,6
834,802,6,6
835,834,2,8
835,836,4,8
835,867,4,8
835,803,3,8
836,835,4,8
836,837,6,8
836,868,4,8
836,804,4,8
837,836,6,8
837,838,6,8
837,869,2,8
837,805,4,8
838,837,6,10
838,839,12,10
838,870,6,10
838,806,1,10
839,838,12,9
839,840,8,9
839,807,3,9
840,839,8,11
840,841,9,11
840,872,6,11
840,808,6,11
841,840,9,11
841,842,12,11
841,873,4,11
841,809,6,11
842,841,12,11
842,843,12,11
842,874,6,11
842,810,4,11
843,842,12,12
843,844,8,12
843,875,6,12
843,811,6,12
844,843,8,12
844,845,4,12
844,876,6,12
844,812,5,12
845,844,4,9
845,877,8,9
845,813,6,9
847,848,12,9
847,879,8,9
847,815,6,9
848,847,12,12
848,849,12,12
848,880,6,12
848,816,6,12
849,848,12,12
849,850,8,12
849,881,4,12
849,817,10,12
850,849,8,10
850,851,4,10
850,882,4,10
850,818,6,10
851,850,4,10
851,852,6,10
851,883,4,10
851,819,5,10
852,851,6,8
852,884,8,8
852,820,4,8
854,855,12,8
854,886,6,8
854,822,2,8
855,854,12,8
855,856,6,8
855,887,2,8
855,823,0,8
856,855,6,9
856,857,6,9
856,888,3,9
856,824,3,9
857,856,6,9
857,858,3,9
857,889,4,9
857,825,4,9
858,857,3,9
858,859,3,9
858,890,6,9
858,826,6,9
859,858,3,8
859,891,6,8
859,827,10,8
861,862,0,7
861,893,8,7
861,829,9,7
862,861,0,6
862,894,9,6
862,830,8,6
864,865,2,5
864,896,2,5
864,832,4,5
865,864,2,3
865,866,2,3
865,897,0,3
866,865,2,8
866,867,2,8
866,898,4,8
866,834,6,8
867,866,2,6
867,868,6,6
867,835,4,6
868,867,6,10
868,869,6,10
868,900,6,10
868,836,4,10
869,868,6,8
869,870,3,8
869,901,4,8
869,837,2,8
870,869,3,7
870,902,6,7
870,838,6,7
872,873,12,9
872,904,6,9
872,840,6,9
873,872,12,11
873,874,10,11
873,905,3,11
873,841,4,11
874,873,10,11
874,875,12,11
874,906,4,11
874,842,6,11
875,874,12,11
875,876,8,11
875,907,4,11
875,843,6,11
876,875,8,12
876,877,8,12
876,908,0,12
876,844,6,12
877,876,8,12
877,878,15,12
877,909,3,12
877,845,8,12
878,877,15,10
878,879,20,10
878,910,2,10
879,878,20,13
879,880,12,13
879,911,4,13
879,847,8,13
880,879,12,12
880,881,12,12
880,912,4,12
880,848,6,12
881,880,12,11
881,882,8,11
881,913,4,11
881,849,4,11
882,881,8,10
882,883,6,10
882,914,3,10
882,850,4,10
883,882,6,10
883,884,6,10
883,915,4,10
883,851,4,10
884,883,6,14
884,885,35,14
884,916,4,14
884,852,8,14
885,884,35,12
885,886,35,12
886,885,35,12
886,887,12,12
886,854,6,12
887,886,12,10
887,888,8,10
887,919,6,10
887,855,2,10
888,887,8,9
888,889,4,9
888,920,3,9
888,856,3,9
889,888,4,9
889,890,3,9
889,921,3,9
889,857,4,9
890,889,3,8
890,891,4,8
890,922,2,8
890,858,6,8
891,890,4,8
891,892,4,8
891,923,4,8
891,859,6,8
892,891,4,4
892,893,1,4
892,924,1,4
893,892,1,6
893,894,0,6
893,925,3,6
893,861,8,6
894,893,0,6
894,895,2,6
894,926,2,6
894,862,9,6
895,894,2,3
895,927,1,3
896,897,0,3
896,928,2,3
896,864,2,3
897,896,0,3
897,898,1,3
897,929,2,3
897,865,0,3
898,897,1,4
898,930,1,4
898,866,4,4
900,901,6,6
900,932,0,6
900,868,6,6
901,900,6,8
901,902,4,8
901,933,2,8
901,869,4,8
902,901,4,9
902,903,9,9
902,934,2,9
902,870,6,9
903,902,9,7
903,904,9,7
903,935,1,7
904,903,9,11
904,905,12,11
904,936,4,11
904,872,6,11
905,904,12,8
905,906,8,8
905,873,3,8
906,905,8,10
906,907,9,10
906,938,3,10
906,874,4,10
907,906,9,9
907,908,8,9
907,939,0,9
907,875,4,9
908,907,8,11
908,909,10,11
908,940,0,11
908,876,0,11
909,908,10,11
909,910,10,11
909,941,3,11
909,877,3,11
910,909,10,11
910,911,18,11
910,942,2,11
910,878,2,11
911,910,18,12
911,912,12,12
911,943,2,12
911,879,4,12
912,911,12,11
912,913,12,11
912,944,4,11
912,880,4,11
913,912,12,10
913,914,6,10
913,945,2,10
913,881,4,10
914,913,6,9
914,915,6,9
914,946,3,9
914,882,3,9
915,914,6,9
915,916,3,9
915,947,4,9
915,883,4,9
916,915,3,7
916,948,3,7
916,884,4,7
919,920,4,7
919,951,2,7
919,887,6,7
920,919,4,8
920,921,4,8
920,952,2,8
920,888,3,8
921,920,4,7
921,922,4,7
921,953,2,7
921,889,3,7
922,921,4,7
922,923,2,7
922,954,2,7
922,890,2,7
923,922,2,6
923,924,2,6
923,955,2,6
923,891,4,6
924,923,2,5
924,925,2,5
924,956,2,5
924,892,1,5
925,924,2,5
925,926,0,5
925,957,1,5
925,893,3,5
926,925,0,4
926,927,0,4
926,958,0,4
926,894,2,4
927,926,0,3
927,959,2,3
927,895,1,3
928,929,0,3
928,960,1,3
928,896,2,3
929,928,0,5
929,930,1,5
929,961,2,5
929,897,2,5
930,929,1,5
930,931,4,5
930,962,1,5
930,898,1,5
931,930,4,6
931,932,9,6
931,963,1,6
932,931,9,7
932,933,8,7
932,900,0,7
933,932,8,8
933,934,3,8
933,965,3,8
933,901,2,8
934,933,3,7
934,935,6,7
934,966,0,7
934,902,2,7
935,934,6,7
935,936,4,7
935,967,0,7
935,903,1,7
936,935,4,7
936,968,4,7
936,904,4,7
938,939,6,7
938,970,3,7
938,906,3,7
939,938,6,8
939,940,5,8
939,971,2,8
939,907,0,8
940,939,5,9
940,941,9,9
940,972,2,9
940,908,0,9
941,940,9,10
941,942,12,10
941,973,1,10
941,909,3,10
942,941,12,12
942,943,14,12
942,974,5,12
942,910,2,12
943,942,14,10
943,944,12,10
943,911,2,10
944,943,12,12
944,945,10,12
944,976,6,12
944,912,4,12
945,944,10,9
945,946,6,9
945,977,1,9
945,913,2,9
946,945,6,8
946,947,6,8
946,978,1,8
946,914,3,8
947,946,6,9
947,948,4,9
947,979,2,9
947,915,4,9
948,947,4,7
948,949,3,7
948,980,0,7
948,916,3,7
949,948,3,4
949,981,3,4
951,952,6,7
951,983,6,7
951,919,2,7
952,951,6,8
952,953,6,8
952,984,1,8
952,920,2,8
953,952,6,6
953,954,4,6
953,985,0,6
953,921,2,6
954,953,4,6
954,955,4,6
954,986,0,6
954,922,2,6
955,954,4,6
955,956,2,6
955,987,0,6
955,923,2,6
956,955,2,5
956,957,2,5
956,988,0,5
956,924,2,5
957,956,2,4
957,958,0,4
957,989,1,4
957,925,1,4
958,957,0,3
958,959,0,3
958,990,1,3
958,926,0,3
959,958,0,3
959,991,1,3
959,927,2,3
960,961,1,2
960,992,0,2
960,928,1,2
961,960,1,3
961,962,1,3
961,993,0,3
961,929,2,3
962,961,1,4
962,963,2,4
962,994,1,4
962,930,1,4
963,962,2,3
963,931,1,3
965,966,3,5
965,997,1,5
965,933,3,5
966,965,3,7
966,967,6,7
966,998,2,7
966,934,0,7
967,966,6,8
967,968,8,8
967,999,1,8
967,935,0,8
968,967,8,9
968,969,12,9
968,1000,0,9
968,936,4,9
969,968,12,8
969,970,12,8
969,1001,0,8
970,969,12,9
970,971,6,9
970,1002,0,9
970,938,3,9
971,970,6,7
971,972,6,7
971,1003,0,7
971,939,2,7
972,971,6,8
972,973,9,8
972,1004,1,8
972,940,2,8
973,972,9,8
973,974,9,8
973,1005,1,8
973,941,1,8
974,973,9,7
974,1006,0,7
974,942,5,7
976,977,6,7
976,1008,2,7
976,944,6,7
977,976,6,7
977,978,6,7
977,1009,1,7
977,945,1,7
978,977,6,7
978,979,4,7
978,1010,0,7
978,946,1,7
979,978,4,8
979,980,4,8
979,1011,2,8
979,947,2,8
980,979,4,6
980,981,6,6
980,1012,0,6
980,948,0,6
981,980,6,8
981,982,16,8
981,1013,0,8
981,949,3,8
982,981,16,13
982,983,48,13
982,1014,6,13
983,982,48,13
983,984,15,13
983,951,6,13
984,983,15,9
984,985,3,9
984,1016,4,9
984,952,1,9
985,984,3,5
985,986,3,5
985,1017,0,5
985,953,0,5
986,985,3,5
986,987,3,5
986,1018,0,5
986,954,0,5
987,986,3,5
987,988,2,5
987,1019,0,5
987,955,0,5
988,987,2,3
988,989,1,3
988,1020,0,3
988,956,0,3
989,988,1,3
989,990,1,3
989,1021,0,3
989,957,1,3
990,989,1,3
990,991,2,3
990,1022,0,3
990,958,1,3
991,990,2,3
991,1023,0,3
991,959,1,3
992,993,1,1
992,960,0,1
993,992,1,2
993,994,1,2
993,961,0,2
994,993,1,2
994,962,1,2
996,997,0,0
997,996,0,3
997,998,2,3
997,965,1,3
998,997,2,5
998,999,6,5
998,966,2,5
999,998,6,6
999,1000,6,6
999,967,1,6
1000,999,6,7
1000,1001,10,7
1000,968,0,7
1001,1000,10,9
1001,1002,12,9
1001,969,0,9
1002,1001,12,9
1002,1003,7,9
1002,970,0,9
1003,1002,7,8
1003,1004,6,8
1003,971,0,8
1004,1003,6,8
1004,1005,6,8
1004,972,1,8
1005,1004,6,8
1005,1006,6,8
1005,973,1,8
1006,1005,6,9
1006,1007,18,9
1006,974,0,9
1007,1006,18,10
1007,1008,24,10
1008,1007,24,10
1008,1009,12,10
1008,976,2,10
1009,1008,12,7
1009,1010,8,7
1009,977,1,7
1010,1009,8,7
1010,1011,6,7
1010,978,0,7
1011,1010,6,6
1011,1012,4,6
1011,979,2,6
1012,1011,4,4
1012,1013,6,4
1012,980,0,4
1013,1012,6,5
1013,1014,6,5
1013,981,0,5
1014,1013,6,5
1014,982,6,5
1016,1017,2,3
1016,984,4,3
1017,1016,2,3
1017,1018,2,3
1017,985,0,3
1018,1017,2,4
1018,1019,4,4
1018,986,0,4
1019,1018,4,4
1019,1020,2,4
1019,987,0,4
1020,1019,2,3
1020,1021,1,3
1020,988,0,3
1021,1020,1,2
1021,1022,0,2
1021,989,0,2
1022,1021,0,1
1022,1023,0,1
1022,990,0,1
1023,1022,0,1
1023,991,0,1
